id,position,customer,status,product_name,photo_url,is_deleted,previous_position,navodka_url
1002,48B c.,VW,null,Prallplatte,null,false,null,"[{""url"": ""https://qjoovhagucdcaebgdmbx.supabase.co/storage/v1/object/public/mold-photos/navodky/1002_01002_Prallplatte.pdf"", ""title"": ""Návodka""}]"
20,50A m.,Škoda,null,Nosič motoru,null,false,null,"[{""url"": ""https://qjoovhagucdcaebgdmbx.supabase.co/storage/v1/object/public/mold-photos/navodky/20_00020_Nosic_motoru_00020.pdf"", ""title"": ""Návodka""}]"
21,49C b.,Škoda,null,Zajišťovací díl,null,false,null,"[{""url"": ""https://qjoovhagucdcaebgdmbx.supabase.co/storage/v1/object/public/mold-photos/navodky/21_00021_Zajistovaci_dil_L_R_00021.pdf"", ""title"": ""Návodka""}]"
1029,Mezisklad,VW,,Aufnahme Dichtring LSP hinten re,,false,,"[{""url"":""https://qjoovhagucdcaebgdmbx.supabase.co/storage/v1/object/public/mold-photos/navodky/1029_01029_Aufnahme_Dichtring_LSP_Hinten_Re.pdf"",""title"":""Návodka 2""}]"
703,38C m.,Scherdel,null,Ventil klein US III,null,false,null,"[{""url"": ""https://qjoovhagucdcaebgdmbx.supabase.co/storage/v1/object/public/mold-photos/navodky/703_Ventil_maly_modry_US_16x_00703.pdf"", ""title"": ""Modrá""}, {""url"": ""https://qjoovhagucdcaebgdmbx.supabase.co/storage/v1/object/public/mold-photos/navodky/703_Ventil_maly_zeleny_US_16x_00703.pdf"", ""title"": ""Zelená""}, {""url"": ""https://qjoovhagucdcaebgdmbx.supabase.co/storage/v1/object/public/mold-photos/navodky/703_Ventil_maly_cerny_US_16x_00703.pdf"", ""title"": ""Černá""}, {""url"": ""https://qjoovhagucdcaebgdmbx.supabase.co/storage/v1/object/public/mold-photos/navodky/703_Ventil_maly_cerveny_US_16x_00703.pdf"", ""title"": ""Červená""}, {""url"": ""https://qjoovhagucdcaebgdmbx.supabase.co/storage/v1/object/public/mold-photos/navodky/703_Ventil_maly_sedy_US_16x_00703.pdf"", ""title"": ""Šedá""}]"
741,49D h.,Škoda,null,Upevňovací háček,null,false,null,"[{""url"": ""https://qjoovhagucdcaebgdmbx.supabase.co/storage/v1/object/public/mold-photos/navodky/741_Upevnovaci_hacek_00741.pdf"", ""title"": ""Návodka""}]"
745,42A z.,Witte,null,Dichtung,null,false,null,"[{""url"": ""https://qjoovhagucdcaebgdmbx.supabase.co/storage/v1/object/public/mold-photos/navodky/745_Dichtung_00745.pdf"", ""title"": ""Návodka""}]"
866,44C c.,Witte,null,Blockiernocken GOB (Servo),null,false,null,"[{""url"": ""https://qjoovhagucdcaebgdmbx.supabase.co/storage/v1/object/public/mold-photos/navodky/866_00866_Blockiernocken_GOB_Servo_.pdf"", ""title"": ""Návodka""}]"
878,45D m.,Grammer,null,Support f. pan. Cupholder,null,false,null,"[{""url"": ""https://qjoovhagucdcaebgdmbx.supabase.co/storage/v1/object/public/mold-photos/navodky/878_00878_Support_f._pan._Cupholder.pdf"", ""title"": ""Návodka""}]"
879,47D z.,Grammer,null,Shell down f.pan. RR,null,false,null,"[{""url"": ""https://qjoovhagucdcaebgdmbx.supabase.co/storage/v1/object/public/mold-photos/navodky/879_00879_Shell_down_f.pan._RR.pdf"", ""title"": ""Návodka""}]"
880,45D m.,Grammer,null,Shell Up f.pan. RR,null,false,null,"[{""url"": ""https://qjoovhagucdcaebgdmbx.supabase.co/storage/v1/object/public/mold-photos/navodky/880_00880_Shell_Up_f.pan._RR.pdf"", ""title"": ""Návodka""}]"
881,45D z.,Grammer,null,Panel f. Sto. RR,null,false,null,"[{""url"": ""https://qjoovhagucdcaebgdmbx.supabase.co/storage/v1/object/public/mold-photos/navodky/881_00881_Panel_f._Sto._RR.pdf"", ""title"": ""Návodka""}]"
882,47D z.,Grammer,null,Panel f.coun rear,null,false,null,"[{""url"": ""https://qjoovhagucdcaebgdmbx.supabase.co/storage/v1/object/public/mold-photos/navodky/882_00882_Panel_f._coun_rear.pdf"", ""title"": ""Návodka""}]"
884,39C z.,Novares,null,12V Cup + Taschenhacker,null,false,null,"[{""url"": ""https://qjoovhagucdcaebgdmbx.supabase.co/storage/v1/object/public/mold-photos/navodky/884_00884_12V_Cup_Taschenhacker_W9958.pdf"", ""title"": ""Návodka""}]"
22,50A m.,Škoda,null,Fixační díl,null,false,null,"[{""url"": ""https://qjoovhagucdcaebgdmbx.supabase.co/storage/v1/object/public/mold-photos/navodky/22_00022_Fixacni_dil_L_R_00022.pdf"", ""title"": ""Návodka""}]"
886,Mezisklad,Novares,null,Cover sub ASSY L / R,null,false,null,"[{""url"": ""https://qjoovhagucdcaebgdmbx.supabase.co/storage/v1/object/public/mold-photos/navodky/886_00886_Cover_sub_ASSY_L_R.pdf"", ""title"": ""Návodka""}]"
14,36A z.,Novares,,Kombihalter RH,,false,,"[{""url"": ""https://qjoovhagucdcaebgdmbx.supabase.co/storage/v1/object/public/mold-photos/navodky/14_Kombihalter_RL_43867_00014.pdf"", ""title"": ""Návodka""}]"
15,36A z.,Novares,null,Kombihalter LH,null,false,null,"[{""url"": ""https://qjoovhagucdcaebgdmbx.supabase.co/storage/v1/object/public/mold-photos/navodky/15_Kombihalter_LL_43860_00015.pdf"", ""title"": ""Návodka""}]"
24,51C z.,Škoda,null,Vedení rola manual,null,false,null,"[{""url"": ""https://qjoovhagucdcaebgdmbx.supabase.co/storage/v1/object/public/mold-photos/navodky/24_00024_Vedeni_rola_manual_00024.pdf"", ""title"": ""Návodka""}]"
867,42C b.,Witte,null,Indikator Kappe LS + RS,null,false,null,"[{""url"": ""https://qjoovhagucdcaebgdmbx.supabase.co/storage/v1/object/public/mold-photos/navodky/867_00867_Indikator_Kappe.pdf"", ""title"": ""Návodka""}]"
869,41C z.,Witte,null,Clip,null,false,null,"[{""url"": ""https://qjoovhagucdcaebgdmbx.supabase.co/storage/v1/object/public/mold-photos/navodky/869_00869_Clip.pdf"", ""title"": ""Návodka""}]"
870,44B c.,Witte,null,Gehause,null,false,null,"[{""url"": ""https://qjoovhagucdcaebgdmbx.supabase.co/storage/v1/object/public/mold-photos/navodky/870_00870_Gehause_L_R.pdf"", ""title"": ""Návodka""}, {""url"": ""https://qjoovhagucdcaebgdmbx.supabase.co/storage/v1/object/public/mold-photos/navodky/870_00870_Gehause_Links.pdf"", ""title"": ""Navodka_alt""}]"
871,44A h.,Witte,null,Abdeckkappe,null,false,null,"[{""url"": ""https://qjoovhagucdcaebgdmbx.supabase.co/storage/v1/object/public/mold-photos/navodky/871_00871_Abdeckkappe_L_R.pdf"", ""title"": ""Návodka""}, {""url"": ""https://qjoovhagucdcaebgdmbx.supabase.co/storage/v1/object/public/mold-photos/navodky/871_00871_Abdeckkappe_Rechts.pdf"", ""title"": ""Navodka_alt""}]"
875,43E m.,Witte,null,Cushion Rear L+R,null,false,null,"[{""url"": ""https://qjoovhagucdcaebgdmbx.supabase.co/storage/v1/object/public/mold-photos/navodky/875_00875_Cushion_Rear_L_R.pdf"", ""title"": ""Návodka""}]"
876,38A m.,Others,null,Heather Violete valve cap US,null,false,null,"[{""url"": ""https://qjoovhagucdcaebgdmbx.supabase.co/storage/v1/object/public/mold-photos/navodky/876_00876_Heather_violete_valve_cap.pdf"", ""title"": ""Návodka""}]"
877,45D m.,Grammer,null,Panel f. cupholder,null,false,null,"[{""url"": ""https://qjoovhagucdcaebgdmbx.supabase.co/storage/v1/object/public/mold-photos/navodky/877_00877_Panel_f._cupholder.pdf"", ""title"": ""Návodka""}]"
764,48B b.,Škoda,null,Odpadkový koš - Víko,null,false,null,"[{""url"": ""https://qjoovhagucdcaebgdmbx.supabase.co/storage/v1/object/public/mold-photos/navodky/764_Odpadkovy_kos_-_Viko_-_Beige_00764.pdf"", ""title"": ""Návodka""}, {""url"": ""https://qjoovhagucdcaebgdmbx.supabase.co/storage/v1/object/public/mold-photos/navodky/764_Odpadkovy_kos_-_Viko_-_Satinschwarz_00764.pdf"", ""title"": ""Navodka_alt""}]"
887,Mezisklad,Witte,null,Haltering,null,false,null,"[{""url"": ""https://qjoovhagucdcaebgdmbx.supabase.co/storage/v1/object/public/mold-photos/navodky/887_00887_Haltering_Witol_411.pdf"", ""title"": ""Návodka""}]"
894,39H z.,Novares,null,Abdeckleiste Vorn w/ Ins.,null,false,null,"[{""url"": ""https://qjoovhagucdcaebgdmbx.supabase.co/storage/v1/object/public/mold-photos/navodky/894_00894_Abdeckleiste_Vorn_SA_MSP.pdf"", ""title"": ""Návodka""}]"
927,43D m.,Witte,null,Drehfalle GOB (opti),null,false,null,"[{""url"": ""https://qjoovhagucdcaebgdmbx.supabase.co/storage/v1/object/public/mold-photos/navodky/927_00927_Drehfalle_GOB_druhy_obstrik.pdf"", ""title"": ""Návodka""}]"
907,43E c.,Witte,null,Hebel,null,false,null,"[{""url"": ""https://qjoovhagucdcaebgdmbx.supabase.co/storage/v1/object/public/mold-photos/navodky/907_00907_Hebel.pdf"", ""title"": ""Návodka""}]"
889,49E z.,Novares,null,Abstutzung SVKL,null,false,null,"[{""url"": ""https://qjoovhagucdcaebgdmbx.supabase.co/storage/v1/object/public/mold-photos/navodky/889_00889_Abstutzung_SVKL_L_R.pdf"", ""title"": ""Návodka""}]"
893,49C z.,Novares,null,Blende Gurtschlitz,null,false,null,"[{""url"": ""https://qjoovhagucdcaebgdmbx.supabase.co/storage/v1/object/public/mold-photos/navodky/893_00893_Blende_Gurtschlitz.pdf"", ""title"": ""Návodka""}]"
895,39H z.,Novares,null,Abdeckleiste Vorn w/o Ins.,null,false,null,"[{""url"": ""https://qjoovhagucdcaebgdmbx.supabase.co/storage/v1/object/public/mold-photos/navodky/895_00895_Abdeckleiste_Einstieg_Vorn.pdf"", ""title"": ""Návodka""}]"
897,42C b.,Witte,null,Abdeckkape PCB,null,false,null,"[{""url"": ""https://qjoovhagucdcaebgdmbx.supabase.co/storage/v1/object/public/mold-photos/navodky/897_00897_Abdeckkape_PCB.pdf"", ""title"": ""Návodka""}]"
899,36C b.,Donaldson,null,Endcap open,null,false,null,"[{""url"": ""https://qjoovhagucdcaebgdmbx.supabase.co/storage/v1/object/public/mold-photos/navodky/899_00899_Endcap_Open.pdf"", ""title"": ""Návodka""}]"
906,43E č.,Witte,null,Softtouch KD,null,false,null,null
903,43D z.,Novares,null,Lateral inspection hatch,null,false,null,"[{""url"": ""https://qjoovhagucdcaebgdmbx.supabase.co/storage/v1/object/public/mold-photos/navodky/903_00903_Lateral_inspection_hatch.pdf"", ""title"": ""Návodka""}]"
905,43E č.,Witte,null,Housing STD,null,false,null,"[{""url"": ""https://qjoovhagucdcaebgdmbx.supabase.co/storage/v1/object/public/mold-photos/navodky/905_00905_Housing_STD_00906_Softtouch_KD.pdf"", ""title"": ""Návodka""}]"
908,43D č.,Witte,null,Clip,null,false,null,"[{""url"": ""https://qjoovhagucdcaebgdmbx.supabase.co/storage/v1/object/public/mold-photos/navodky/908_00908_Clip.pdf"", ""title"": ""Návodka""}]"
909,42A z.,Witte,null,Magnetaufnahme,null,false,null,"[{""url"": ""https://qjoovhagucdcaebgdmbx.supabase.co/storage/v1/object/public/mold-photos/navodky/909_00909_Magnetaufnahme.pdf"", ""title"": ""Návodka""}]"
914,37A m.,WEIDPLAS,,Spacer,null,false,null,"[{""url"": ""https://qjoovhagucdcaebgdmbx.supabase.co/storage/v1/object/public/mold-photos/navodky/914_00914_Spacer.pdf"", ""title"": ""Návodka""}]"
915,38C b.,Scherdel,null,Ventil Velký (8x s vakuem),null,false,null,"[{""url"": ""https://qjoovhagucdcaebgdmbx.supabase.co/storage/v1/object/public/mold-photos/navodky/915_Ventil_velky_modry_8x_vakuum_00915.pdf"", ""title"": ""Modrá""}, {""url"": ""https://qjoovhagucdcaebgdmbx.supabase.co/storage/v1/object/public/mold-photos/navodky/915_Ventil_velky_cerny_8x_vakuum_00915.pdf"", ""title"": ""Černá""}, {""url"": ""https://qjoovhagucdcaebgdmbx.supabase.co/storage/v1/object/public/mold-photos/navodky/915_Ventil_velky_cerveny_8x_vakuum_00915.pdf"", ""title"": ""Červená""}]"
918,41B z.,Witte,null,Grundplatte,null,false,null,"[{""url"": ""https://qjoovhagucdcaebgdmbx.supabase.co/storage/v1/object/public/mold-photos/navodky/918_00918_Grundplatte.pdf"", ""title"": ""Zelená""}]"
919,43D h.,Witte,null,Drehfalle GOB,null,false,null,"[{""url"": ""https://qjoovhagucdcaebgdmbx.supabase.co/storage/v1/object/public/mold-photos/navodky/919_00919_Drehfalle_GOB.pdf"", ""title"": ""Návodka""}]"
921,43D m.,Witte,null,Niethuelse 1 GOB,null,false,null,"[{""url"": ""https://qjoovhagucdcaebgdmbx.supabase.co/storage/v1/object/public/mold-photos/navodky/921_00921_Niethuelse_1_BG.pdf"", ""title"": ""Návodka""}]"
923,36A z.,Witte,null,Hexagonalshaft,null,false,null,"[{""url"": ""https://qjoovhagucdcaebgdmbx.supabase.co/storage/v1/object/public/mold-photos/navodky/923_00923_Hexagonal_Shaft.pdf"", ""title"": ""Návodka""}]"
924,43D z.,Witte,null,Aktuator Abdeckung L/R,null,false,null,"[{""url"": ""https://qjoovhagucdcaebgdmbx.supabase.co/storage/v1/object/public/mold-photos/navodky/924_00924_Aktuator_Cover_LH_RH.pdf"", ""title"": ""Návodka""}]"
926,45E z.,Grammer,null,Cover Middle High,null,false,null,"[{""url"": ""https://qjoovhagucdcaebgdmbx.supabase.co/storage/v1/object/public/mold-photos/navodky/926_00926_Cover_Middle_High.pdf"", ""title"": ""Návodka""}]"
928,42A b.,Witte,null,Drehfalle GOB,null,false,null,"[{""url"": ""https://qjoovhagucdcaebgdmbx.supabase.co/storage/v1/object/public/mold-photos/navodky/928_00928_Drehfalle_GOB_prvni_obstrik.pdf"", ""title"": ""Návodka""}]"
929,47D m.,Witte,null,Drehfalle,null,false,null,"[{""url"": ""https://qjoovhagucdcaebgdmbx.supabase.co/storage/v1/object/public/mold-photos/navodky/929_00929_Drehfalle_GOB.pdf"", ""title"": ""Návodka""}]"
1030,Mezisklad,VW,,Aufnahme Dichtring LSP hinten li/re,,false,,"[{""url"":""https://qjoovhagucdcaebgdmbx.supabase.co/storage/v1/object/public/mold-photos/navodky/1030_01030_Aufnahme_Dichtring_LSP_Hinten_Li_Re.pdf"",""title"":""Návodka 2""}]"
711,39B m.,Novares,null,Gehäuse Bedieneinheit Handschuhfach,null,false,null,"[{""url"": ""https://qjoovhagucdcaebgdmbx.supabase.co/storage/v1/object/public/mold-photos/navodky/711_Gehause_Bedieneinheit_Handschuhfach_W26105_00711.pdf"", ""title"": ""Návodka""}]"
19,Mezisklad,Škoda,,Vedení rola elektro,,false,,"[{""url"": ""https://qjoovhagucdcaebgdmbx.supabase.co/storage/v1/object/public/mold-photos/navodka_19_1786668635004_19.pdf"", ""title"": ""19.pdf""}, {""url"": ""https://qjoovhagucdcaebgdmbx.supabase.co/storage/v1/object/public/mold-photos/navodky/19_19.pdf"", ""title"": ""Návodka 2""}]"
930,47D m.,Witte,null,Sperrklinke,null,false,null,"[{""url"": ""https://qjoovhagucdcaebgdmbx.supabase.co/storage/v1/object/public/mold-photos/navodky/930_00930_Sperrklinke_GOB.pdf"", ""title"": ""Návodka""}]"
931,47D m.,Witte,null,C-CLIP L+R,null,false,null,"[{""url"": ""https://qjoovhagucdcaebgdmbx.supabase.co/storage/v1/object/public/mold-photos/navodky/931_00931_C-Clip_L_R.pdf"", ""title"": ""Návodka""}]"
939,47D č.,Witte,null,Indikatorhebel,null,false,null,null
718,42B m.,Witte,null,Rukáv levý,null,false,null,"[{""url"": ""https://qjoovhagucdcaebgdmbx.supabase.co/storage/v1/object/public/mold-photos/navodky/718_Rukav_Levy_00718.pdf"", ""title"": ""Návodka""}]"
874,43E m.,Witte,null,Unterlage Vorne LH/RH,null,false,null,"[{""url"": ""https://qjoovhagucdcaebgdmbx.supabase.co/storage/v1/object/public/mold-photos/navodky/874_00874_Unterlage_Vorne_LH_RH.pdf"", ""title"": ""Návodka""}]"
952,42B b.,Witte,null,Pawl Overmolded,null,false,null,"[{""url"": ""https://qjoovhagucdcaebgdmbx.supabase.co/storage/v1/object/public/mold-photos/navodky/952_00952_Pawl_Overmolded.pdf"", ""title"": ""Návodka""}]"
955,36B m.,Witte,null,Gehause hinten RH / LH,null,false,null,"[{""url"": ""https://qjoovhagucdcaebgdmbx.supabase.co/storage/v1/object/public/mold-photos/navodky/955_00955_Gehause_Hinten_LH_RH.pdf"", ""title"": ""Návodka""}]"
933,42C h.,Witte,null,Griff,null,false,null,"[{""url"": ""https://qjoovhagucdcaebgdmbx.supabase.co/storage/v1/object/public/mold-photos/navodky/933_00933_Griff.pdf"", ""title"": ""Návodka""}]"
444,44C b.,Bonnel,null,"bonBlock, díl C/E/F",null,false,null,"[{""url"": ""https://qjoovhagucdcaebgdmbx.supabase.co/storage/v1/object/public/mold-photos/navodky/444_BonBlock_dil_C_kryt_baterie.pdf"", ""title"": ""Návodka 1""}, {""url"": ""https://qjoovhagucdcaebgdmbx.supabase.co/storage/v1/object/public/mold-photos/navodky/444_BonBlock_dil_E_upevnovaci_dil.pdf"", ""title"": ""Návodka 2""}, {""url"": ""https://qjoovhagucdcaebgdmbx.supabase.co/storage/v1/object/public/mold-photos/navodky/444_BonBlock_dil_F_kryt_kabelu.pdf"", ""title"": ""Návodka 3""}]"
445,44C b.,Bonnel,null,"BonBlock, díl D",null,false,null,"[{""url"": ""https://qjoovhagucdcaebgdmbx.supabase.co/storage/v1/object/public/mold-photos/navodky/445_BonBlock_dil_D_MIDDLE_COVER.pdf"", ""title"": ""Návodka 1""}]"
953,36B m.,Witte,null,Housing,null,false,null,null
954,36B m.,Witte,null,Betaetiger,null,false,null,null
934,42C h.,Witte,null,Holder,null,false,null,"[{""url"": ""https://qjoovhagucdcaebgdmbx.supabase.co/storage/v1/object/public/mold-photos/navodky/934_00934_Holder.pdf"", ""title"": ""Návodka""}]"
935,41A z.,Witte,null,Housing,null,false,null,"[{""url"": ""https://qjoovhagucdcaebgdmbx.supabase.co/storage/v1/object/public/mold-photos/navodky/935_00935_Housing.pdf"", ""title"": ""Návodka""}]"
948,47G h.,Škoda,null,Cover,null,false,null,"[{""url"": ""https://qjoovhagucdcaebgdmbx.supabase.co/storage/v1/object/public/mold-photos/navodky/948_00948_Cover_546_.pdf"", ""title"": ""Návodka""}]"
949,45E b.,Grammer,null,Panel F. Sto. Armr.,null,false,null,"[{""url"": ""https://qjoovhagucdcaebgdmbx.supabase.co/storage/v1/object/public/mold-photos/navodky/949_00949_Panel_F._Sto._Armr..pdf"", ""title"": ""Návodka""}]"
950,45E c.,Grammer,null,Panel Sto. Fr. Up,null,false,null,"[{""url"": ""https://qjoovhagucdcaebgdmbx.supabase.co/storage/v1/object/public/mold-photos/navodky/950_00950_Panel_Sto._Fr._Up.pdf"", ""title"": ""Návodka""}]"
936,41C h.,Witte,null,Cover,null,false,null,"[{""url"": ""https://qjoovhagucdcaebgdmbx.supabase.co/storage/v1/object/public/mold-photos/navodky/936_00936_Cover.pdf"", ""title"": ""Návodka""}]"
937,41B z.,Witte,null,Cover,null,false,null,"[{""url"": ""https://qjoovhagucdcaebgdmbx.supabase.co/storage/v1/object/public/mold-photos/navodky/937_00937_Cover.pdf"", ""title"": ""Návodka""}]"
938,47D č.,Witte,null,Housing,null,false,null,"[{""url"": ""https://qjoovhagucdcaebgdmbx.supabase.co/storage/v1/object/public/mold-photos/navodky/938_00938_Housing.pdf"", ""title"": ""Návodka""}]"
940,43D h.,Witte,null,Cradle Buffer,null,false,null,"[{""url"": ""https://qjoovhagucdcaebgdmbx.supabase.co/storage/v1/object/public/mold-photos/navodky/940_00940_Cradle_Buffer.pdf"", ""title"": ""Návodka""}]"
941,40C č.,Novares,null,Forma- 21-32,null,false,null,"[{""url"": ""https://qjoovhagucdcaebgdmbx.supabase.co/storage/v1/object/public/mold-photos/navodky/941_00941_Forma_21-32.pdf"", ""title"": ""Návodka""}]"
942,36C m.,Novares,null,Forma – W28253,null,false,null,"[{""url"": ""https://qjoovhagucdcaebgdmbx.supabase.co/storage/v1/object/public/mold-photos/navodky/942_00942_V-Vanes_LH_RH_V-Vanes_Center_L_R.pdf"", ""title"": ""Návodka""}]"
944,40C č.,Novares,null,Forma 21-22,null,false,null,"[{""url"": ""https://qjoovhagucdcaebgdmbx.supabase.co/storage/v1/object/public/mold-photos/navodky/944_00944_Forma_21-22.pdf"", ""title"": ""Návodka""}]"
951,42B b.,Witte,null,Rotary Latch,null,false,null,"[{""url"": ""https://qjoovhagucdcaebgdmbx.supabase.co/storage/v1/object/public/mold-photos/navodky/951_00951_Rotary_Latch.pdf"", ""title"": ""Návodka""}]"
956,45F c.,Donaldson,null,Threaded ring P583845,null,false,null,"[{""url"": ""https://qjoovhagucdcaebgdmbx.supabase.co/storage/v1/object/public/mold-photos/navodky/956_00956_Threaded_Ring.pdf"", ""title"": ""Návodka""}]"
957,45G c.,Donaldson,null,Threaded ring P959400,null,false,null,"[{""url"": ""https://qjoovhagucdcaebgdmbx.supabase.co/storage/v1/object/public/mold-photos/navodky/957_00957_Threaded_Ring.pdf"", ""title"": ""Návodka""}]"
898,50C z.,Donaldson,,Open End Cap 80mm,null,false,,"[{""url"": ""https://qjoovhagucdcaebgdmbx.supabase.co/storage/v1/object/public/mold-photos/navodky/898_00898_Open_Endcap.pdf"", ""title"": ""Návodka""}]"
1026,Mezisklad,VW,null,Aufnahme Dichtring LSP li,null,false,null,"[{""url"": ""https://qjoovhagucdcaebgdmbx.supabase.co/storage/v1/object/public/mold-photos/navodky/1026_01026_Aufnahme_Dichtring_Li.pdf"", ""title"": ""Návodka""}]"
1027,Mezisklad,VW,null,Aufnahme Dichtring LSP re,null,false,null,"[{""url"": ""https://qjoovhagucdcaebgdmbx.supabase.co/storage/v1/object/public/mold-photos/navodky/1027_01027_Aufnahme_Dichtring_LSP_Re.pdf"", ""title"": ""Návodka""}]"
1028,Mezisklad,VW,null,Aufnahme Dichtring LSP hinten li,null,false,null,"[{""url"": ""https://qjoovhagucdcaebgdmbx.supabase.co/storage/v1/object/public/mold-photos/navodky/1028_01028_Aufnahme_Dichtring_LSP_Hinten_Li.pdf"", ""title"": ""Návodka""}]"
491,40A h.,Novares,null,Steuerhebel,null,false,null,"[{""url"": ""https://qjoovhagucdcaebgdmbx.supabase.co/storage/v1/object/public/mold-photos/navodky/491_00491_Steuerhebel_W3950.pdf"", ""title"": ""Návodka""}]"
767,37B m.,Scherdel,null,Ventil malý 16 nás. III,null,false,null,"[{""url"": ""https://qjoovhagucdcaebgdmbx.supabase.co/storage/v1/object/public/mold-photos/navodky/767_Ventil_maly_lila_16x_vakuum_00767.pdf"", ""title"": ""Fialová""}, {""url"": ""https://qjoovhagucdcaebgdmbx.supabase.co/storage/v1/object/public/mold-photos/navodky/767_Ventil_maly_modry_16x_vakuum_00767.pdf"", ""title"": ""Modrá""}, {""url"": ""https://qjoovhagucdcaebgdmbx.supabase.co/storage/v1/object/public/mold-photos/navodky/767_Ventil_maly_oranzovy_16x_vakuum_00767.pdf"", ""title"": ""Oranžová""}, {""url"": ""https://qjoovhagucdcaebgdmbx.supabase.co/storage/v1/object/public/mold-photos/navodky/767_Ventil_maly_tyrkysovy_16x_vakuum_00767.pdf"", ""title"": ""Tyrkysová""}, {""url"": ""https://qjoovhagucdcaebgdmbx.supabase.co/storage/v1/object/public/mold-photos/navodky/767_Ventil_maly_zeleny_16x_vakuum_00767.pdf"", ""title"": ""Zelená""}, {""url"": ""https://qjoovhagucdcaebgdmbx.supabase.co/storage/v1/object/public/mold-photos/navodky/767_Ventil_maly_cerny_16x_vakuum_00767.pdf"", ""title"": ""Černá""}, {""url"": ""https://qjoovhagucdcaebgdmbx.supabase.co/storage/v1/object/public/mold-photos/navodky/767_Ventil_maly_cerveny_16x_vakuum_00767.pdf"", ""title"": ""Červená""}, {""url"": ""https://qjoovhagucdcaebgdmbx.supabase.co/storage/v1/object/public/mold-photos/navodky/767_Ventil_maly_sedy_16x_vakuum_00767.pdf"", ""title"": ""Šedá""}, {""url"": ""https://qjoovhagucdcaebgdmbx.supabase.co/storage/v1/object/public/mold-photos/navodky/767_Ventil_maly_zluty_16x_vakuum_00767.pdf"", ""title"": ""Žlutá""}]"
770,38B c.,Scherdel,null,"Ventil malý ""mexicaner"" (gen IV) 32x",null,false,null,"[{""url"": ""https://qjoovhagucdcaebgdmbx.supabase.co/storage/v1/object/public/mold-photos/navodky/770_Ventil_maly_32x_vakuum_zeleny_00770.pdf"", ""title"": ""Zelená""}]"
788,38C c.,Scherdel,null,Ventil malý 16 nás. III,null,false,null,"[{""url"": ""https://qjoovhagucdcaebgdmbx.supabase.co/storage/v1/object/public/mold-photos/navodky/788_Ventil_maly_fialovy_16x_vakuum_00788.pdf"", ""title"": ""Návodka""}, {""url"": ""https://qjoovhagucdcaebgdmbx.supabase.co/storage/v1/object/public/mold-photos/navodky/788_Ventil_maly_modry_16x_vakuum_00788.pdf"", ""title"": ""Modrá""}, {""url"": ""https://qjoovhagucdcaebgdmbx.supabase.co/storage/v1/object/public/mold-photos/navodky/788_Ventil_maly_oranzovy_16x_vakuum_00788.pdf"", ""title"": ""Oranžová""}, {""url"": ""https://qjoovhagucdcaebgdmbx.supabase.co/storage/v1/object/public/mold-photos/navodky/788_Ventil_maly_tyrkysovy_16x_vakuum_00788.pdf"", ""title"": ""Tyrkysová""}, {""url"": ""https://qjoovhagucdcaebgdmbx.supabase.co/storage/v1/object/public/mold-photos/navodky/788_Ventil_maly_zeleny_16x_vakuum_00788.pdf"", ""title"": ""Zelená""}, {""url"": ""https://qjoovhagucdcaebgdmbx.supabase.co/storage/v1/object/public/mold-photos/navodky/788_Ventil_maly_cerny_16x_vakuum_00788.pdf"", ""title"": ""Černá""}, {""url"": ""https://qjoovhagucdcaebgdmbx.supabase.co/storage/v1/object/public/mold-photos/navodky/788_Ventil_maly_cerveny_16x_vakuum_00788.pdf"", ""title"": ""Červená""}, {""url"": ""https://qjoovhagucdcaebgdmbx.supabase.co/storage/v1/object/public/mold-photos/navodky/788_Ventil_maly_sedy_16x_vakuum_00788.pdf"", ""title"": ""Šedá""}, {""url"": ""https://qjoovhagucdcaebgdmbx.supabase.co/storage/v1/object/public/mold-photos/navodky/788_Ventil_maly_zluty_16x_vakuum_00788.pdf"", ""title"": ""Žlutá""}]"
932,47E m.,VW,null,Odpadkový koš - Pevný díl,null,false,null,"[{""url"": ""https://qjoovhagucdcaebgdmbx.supabase.co/storage/v1/object/public/mold-photos/navodky/932_00932_Odpadkovy_kos-pevny_dil.pdf"", ""title"": ""Návodka""}]"
959,40C z.,Novares,null,Forma W23824,null,false,null,"[{""url"": ""https://qjoovhagucdcaebgdmbx.supabase.co/storage/v1/object/public/mold-photos/navodky/959_00959_W23824_Bedienknopf_MiKo_vorn.pdf"", ""title"": ""Návodka""}]"
522,39C m.,Bonnel,null,SecureConnect-krabicka_I+II,null,false,null,"[{""url"": ""https://qjoovhagucdcaebgdmbx.supabase.co/storage/v1/object/public/mold-photos/navodky/522_SecureConnet_krabicka_1_2.pdf"", ""title"": ""Návodka 1""}]"
504,44C b.,Others,null,Úchytka - MyDva,null,false,null,null
1001,51E z.,VW,null,Unterschale,null,false,null,"[{""url"": ""https://qjoovhagucdcaebgdmbx.supabase.co/storage/v1/object/public/mold-photos/navodky/1001_01001_Unterschale_Lenkstockverkleidung.pdf"", ""title"": ""Návodka""}]"
1003,49E b.,VW,null,Aufnahme Start Stop,null,false,null,"[{""url"": ""https://qjoovhagucdcaebgdmbx.supabase.co/storage/v1/object/public/mold-photos/navodky/1003_01003_Aufnahme_Start_Stop.pdf"", ""title"": ""Návodka""}]"
1005,51D z.,VW,null,"Oberrschle , Lenkstockverkleidung",null,false,null,"[{""url"": ""https://qjoovhagucdcaebgdmbx.supabase.co/storage/v1/object/public/mold-photos/navodky/1005_01005_Oberschale_Lenkstockverkleidung.pdf"", ""title"": ""Návodka""}]"
1019,Mezisklad,VW,null,Luftverteiler,null,false,null,"[{""url"": ""https://qjoovhagucdcaebgdmbx.supabase.co/storage/v1/object/public/mold-photos/navodky/1019_01019_Luftverteiler_Frontscheibe.pdf"", ""title"": ""Návodka""}]"
1020,49E h.,VW,null,Aufnahmeteil Crashclip li,null,false,null,"[{""url"": ""https://qjoovhagucdcaebgdmbx.supabase.co/storage/v1/object/public/mold-photos/navodky/1020_01020_Aufnahmeteil_Crashclip_Li.pdf"", ""title"": ""Návodka""}]"
1021,49E c.,VW,null,Aufnahmeteil Crashclip re,null,false,null,"[{""url"": ""https://qjoovhagucdcaebgdmbx.supabase.co/storage/v1/object/public/mold-photos/navodky/1021_01021_Aufnahmeteil_Crashclip_Re.pdf"", ""title"": ""Návodka""}]"
1022,47G c.,VW,null,Aufnahmeteil Befestigungsclip li,null,false,null,"[{""url"": ""https://qjoovhagucdcaebgdmbx.supabase.co/storage/v1/object/public/mold-photos/navodky/1022_01022_Aufnahmeteil_Befestigungsclip_Li.pdf"", ""title"": ""Návodka""}]"
1023,47G c.,VW,null,Aufnahmeteil Befestigungsclip re,null,false,null,"[{""url"": ""https://qjoovhagucdcaebgdmbx.supabase.co/storage/v1/object/public/mold-photos/navodky/1023_01023_Aufnahmeteil_Befestigungsclip_Re.pdf"", ""title"": ""Návodka""}]"
1024,43D z.,VW,null,Warmwestenfach vorn li,null,false,null,"[{""url"": ""https://qjoovhagucdcaebgdmbx.supabase.co/storage/v1/object/public/mold-photos/navodky/1024_01024_Warmwestenfach_Vorn_Li.pdf"", ""title"": ""Návodka""}]"
1025,43D z.,VW,null,Warmwestenfach vorn re,null,false,null,"[{""url"": ""https://qjoovhagucdcaebgdmbx.supabase.co/storage/v1/object/public/mold-photos/navodky/1025_01025_Warmwestenfach_Vorn_Re.pdf"", ""title"": ""Návodka""}]"
1018,51B c.,Grammer,null,Přípravek GRIFFTRAEGER,null,false,null,null
1016,36B m.,Witte,null,Bearing Bracket TOP LH+RH,null,false,null,null
137,51E c.,Mubea,null,PSA  A58  Front Spring Isolator,null,false,null,null
158,44C z.,Others,null,Endstück ATEGO+ Endstück für Antrieb ATEGO,null,false,null,null
165,51E b.,Mubea,null,Prototypenwerkzeug-Springisolator,null,false,null,null
167,44C h.,Others,null,Ouško lahve,null,false,null,null
168,44C h.,Others,null,Hmoždinka,null,false,null,null
171,37C h.,Scherdel,null,Ventil - DES001,null,false,null,null
175,45C b.,Ideal,null,Griff VR6 Batterie,null,false,null,null
178,45B m.,Ideal,null,Rahmen 3 hinten links + hinten rechts schwarz 999 B6 combi,null,false,null,null
180,45B m.,Ideal,null,Rahmen 5 vorne links + vorne rechts schwarz 999 B6 combi,null,false,null,null
182,45C b.,Ideal,null,Griff Basis superb combi satinschwarz 9B9,null,false,null,null
841,45D č.,Grammer,null,Rastelement F.DV.,null,false,null,"[{""url"": ""https://qjoovhagucdcaebgdmbx.supabase.co/storage/v1/object/public/mold-photos/navodky/841_00841_Rastelement_F.DV.pdf"", ""title"": ""Návodka""}]"
842,45D č.,Grammer,null,Hebel F. LHF.,null,false,null,"[{""url"": ""https://qjoovhagucdcaebgdmbx.supabase.co/storage/v1/object/public/mold-photos/navodky/842_00842_Hebel_F._LHF.pdf"", ""title"": ""Návodka""}]"
865,44C c.,Witte,null,Key Overmould,null,false,null,"[{""url"": ""https://qjoovhagucdcaebgdmbx.supabase.co/storage/v1/object/public/mold-photos/navodky/865_00865_Key_Assy.pdf"", ""title"": ""Návodka""}, {""url"": ""https://qjoovhagucdcaebgdmbx.supabase.co/storage/v1/object/public/mold-photos/navodky/865_00865_Key_Overmould_-_No_code.pdf"", ""title"": ""Navodka_alt""}, {""url"": ""https://qjoovhagucdcaebgdmbx.supabase.co/storage/v1/object/public/mold-photos/navodky/865_00865_Key_Overmould.pdf"", ""title"": ""Návodka 3""}]"
210,39B m.,Novares,null,Stangenführung,null,false,null,null
1015,36B m.,Donaldson,null,Backing Tab,null,false,null,null
221,51E c.,Mubea,null,PSA Spring Isolator,null,false,null,null
267,44C h.,Others,null,Clipnex - neutrál vložka,null,false,null,null
271,51C m.,Others,null,Lišta osvětlení přední,null,false,null,null
276,41A m.,Witte,null,Anschlagpuffer,null,false,null,null
277,42A h.,Witte,null,Dichtung,null,false,null,null
278,41C c.,Witte,null,Betätigungsstange,null,false,null,null
283,44C b.,Others,null,Rastenhebel,null,false,null,null
284,41A h.,Witte,null,Kluzný díl (Gleitstück),null,false,null,null
285,41A h.,Witte,null,Verbindungsstück (Spojka),null,false,null,null
286,42B h.,Witte,null,Scheibe 2,null,false,null,null
287,41B h.,Witte,null,Puffer,null,false,null,null
288,41B h.,Witte,null,Kisi Hebel,null,false,null,null
290,42A h.,Witte,null,"Gestängeeinhängung M4,4x0,7",null,false,null,null
291,42A h.,Witte,null,Mitnehmerscheibe,null,false,null,null
292,42A h.,Witte,null,Exzenter,null,false,null,null
294,41B h.,Witte,null,Dichtring für Tür,null,false,null,null
299,51E h.,Others,null,Knieeinweisser innen,null,false,null,null
310,42A h.,Witte,null,Kappe Cover (Víčko),null,false,null,null
347,41C m.,Witte,null,DREHFALLE GOB L+R,null,false,null,null
184,40A c.,Novares,null,Leiste LL,null,false,null,null
186,39C b.,Novares,null,Verbindungshebel unten LL/RL,null,false,null,null
187,40B z.,Novares,null,Schwenkhebel links/rechts,null,false,null,null
1009,43D z.,Škoda,null,Přípravek SNAP-ON COVER L,null,false,null,null
1010,43D z.,Škoda,null,Přípravek SNAP-ON COVER R,null,false,null,null
242,51E h.,Rotarex,null,Venting hose flange,null,false,null,null
127,37C h.,Scherdel,null,Ventil - Klein - studený rozvod,null,false,null,"[{""url"": ""https://qjoovhagucdcaebgdmbx.supabase.co/storage/v1/object/public/mold-photos/navodky/127_Ventil_fialovy.pdf"", ""title"": ""Návodka 1""}]"
23,51B b.,Škoda,null,Fixační díl spodní,null,false,null,"[{""url"": ""https://qjoovhagucdcaebgdmbx.supabase.co/storage/v1/object/public/mold-photos/navodky/23_00023_Fixacni_dil_spodni_00023.pdf"", ""title"": ""Návodka""}]"
279,41C b.,Witte,null,Bolzen,null,false,null,"[{""url"": ""https://qjoovhagucdcaebgdmbx.supabase.co/storage/v1/object/public/mold-photos/navodky/279_Bolzen_01051081050.pdf"", ""title"": ""Návodka 1""}]"
280,42A h.,Witte,null,Handle Insert,null,false,null,"[{""url"": ""https://qjoovhagucdcaebgdmbx.supabase.co/storage/v1/object/public/mold-photos/navodky/280_Handle_Insert_01043981095.pdf"", ""title"": ""Návodka 1""}]"
289,41B b.,Witte,null,Gestängeeinhängung,null,false,null,"[{""url"": ""https://qjoovhagucdcaebgdmbx.supabase.co/storage/v1/object/public/mold-photos/navodky/289_Gestangeanhangung_072_054_56_1_kulicka_.pdf"", ""title"": ""Návodka 1""}]"
293,41B h.,Witte,null,Sicherungsring,null,false,null,"[{""url"": ""https://qjoovhagucdcaebgdmbx.supabase.co/storage/v1/object/public/mold-photos/navodky/293_Sicherungsring.pdf"", ""title"": ""Návodka 1""}]"
308,41B m.,Witte,null,Gehäuse,null,false,null,"[{""url"": ""https://qjoovhagucdcaebgdmbx.supabase.co/storage/v1/object/public/mold-photos/navodky/308_GEHAUSE_Domek_.pdf"", ""title"": ""Návodka 1""}]"
309,41B m.,Witte,null,Kunststoffstopfen (Deckel),null,false,null,"[{""url"": ""https://qjoovhagucdcaebgdmbx.supabase.co/storage/v1/object/public/mold-photos/navodky/309_Kunststoffstopfen_DECKEL.pdf"", ""title"": ""Návodka 1""}]"
311,41B m.,Witte,null,Dichtung LH/RH,null,false,null,"[{""url"": ""https://qjoovhagucdcaebgdmbx.supabase.co/storage/v1/object/public/mold-photos/navodky/311_Dichtung_-_tesneni_LH_RH.pdf"", ""title"": ""Návodka 1""}]"
312,41C m.,Witte,null,Dichtung LH/RH,null,false,null,"[{""url"": ""https://qjoovhagucdcaebgdmbx.supabase.co/storage/v1/object/public/mold-photos/navodky/312_Sealing_LH_RH.pdf"", ""title"": ""Návodka 1""}]"
343,41B c.,Witte,null,Kisi Kuplung,null,false,null,"[{""url"": ""https://qjoovhagucdcaebgdmbx.supabase.co/storage/v1/object/public/mold-photos/navodky/343_KISI_-_KUPLUNG.pdf"", ""title"": ""Návodka 1""}]"
350,41C m.,Witte,null,Kunststoffhebel (Plastová páka),null,false,null,"[{""url"": ""https://qjoovhagucdcaebgdmbx.supabase.co/storage/v1/object/public/mold-photos/navodky/350_Plastova_paka.pdf"", ""title"": ""Návodka 1""}]"
351,41A m.,Witte,null,Mark L,null,false,null,"[{""url"": ""https://qjoovhagucdcaebgdmbx.supabase.co/storage/v1/object/public/mold-photos/navodky/351_Mark_L_Li_Re.pdf"", ""title"": ""Návodka 1""}]"
353,41A m.,Witte,null,Position Lever LEFT,null,false,null,"[{""url"": ""https://qjoovhagucdcaebgdmbx.supabase.co/storage/v1/object/public/mold-photos/navodky/353_Position_Lever_left_LI_RE.pdf"", ""title"": ""Návodka 1""}]"
356,41C m.,Witte,null,Halter für MKS R8 Cabrio,null,false,null,"[{""url"": ""https://qjoovhagucdcaebgdmbx.supabase.co/storage/v1/object/public/mold-photos/navodky/356_Halter_f.MKS_R8_Cabrio_L_R.pdf"", ""title"": ""Návodka 1""}]"
395,51E h.,Rotarex,null,Schneebrause zylindrisch,null,false,null,null
281,41A h.,Witte,null,Dichtung 2,null,false,null,"[{""url"": ""https://qjoovhagucdcaebgdmbx.supabase.co/storage/v1/object/public/mold-photos/navodky/281_01043979060_Dichtung_2_00281.pdf"", ""title"": ""Návodka""}]"
34,49D b.,Škoda,null,Odpadkový koš - Pevný díl,null,false,null,"[{""url"": ""https://qjoovhagucdcaebgdmbx.supabase.co/storage/v1/object/public/mold-photos/navodky/34_Odpadkovy_kos-pevny_dil_9B9_00034.pdf"", ""title"": ""Návodka""}]"
36,44B h.,Others,null,Potting dam,null,false,null,"[{""url"": ""https://qjoovhagucdcaebgdmbx.supabase.co/storage/v1/object/public/mold-photos/navodky/36_Potting_Dam_00036.pdf"", ""title"": ""Návodka""}]"
361,41A h.,Witte,null,Bracket,null,false,null,"[{""url"": ""https://qjoovhagucdcaebgdmbx.supabase.co/storage/v1/object/public/mold-photos/navodky/361_Bracket.pdf"", ""title"": ""Návodka 1""}]"
362,41B m.,Witte,null,Transporthülse,null,false,null,"[{""url"": ""https://qjoovhagucdcaebgdmbx.supabase.co/storage/v1/object/public/mold-photos/navodky/362_Transporthulse_11.0042-2.pdf"", ""title"": ""Návodka 1""}, {""url"": ""https://qjoovhagucdcaebgdmbx.supabase.co/storage/v1/object/public/mold-photos/navodky/362_Transporthulse.pdf"", ""title"": ""Návodka 2""}]"
360,51E h.,Others,null,Guard EZOX,null,false,null,null
38,44B h.,Others,null,"Talíř  58,3 mm",null,false,null,null
843,47E z.,Grammer,null,Rastelement,null,false,null,"[{""url"": ""https://qjoovhagucdcaebgdmbx.supabase.co/storage/v1/object/public/mold-photos/navodky/843_00843_Rastelement.pdf"", ""title"": ""Návodka""}]"
388,37B c.,AFSI,null,Restrictor check valve,null,false,null,null
443,44C z.,Bonnel,null,"BonBlock, díl B",null,false,null,"[{""url"": ""https://qjoovhagucdcaebgdmbx.supabase.co/storage/v1/object/public/mold-photos/navodky/443_BonBlock_dil_B_TOP_COVER.pdf"", ""title"": ""Návodka 1""}]"
925,Mezisklad,Witte,,Rear Lever,null,false,,
403,47A b.,Škoda,null,Odpadkový koš - Pevný díl,null,false,null,null
405,41C z.,Witte,null,Drehfalle - 072.415.03.4,null,false,null,null
44,42A z.,Witte,,Ausloesehebel,null,false,,"[{""url"": ""https://qjoovhagucdcaebgdmbx.supabase.co/storage/v1/object/public/mold-photos/navodky/44_00044_Ausloesehebel_L_R_00044.pdf"", ""title"": ""Návodka""}]"
411,47B h.,Škoda,null,Fotohalter SK260 RL,null,false,null,null
414,38B b.,Scherdel,null,Ventil gross US,null,false,null,null
428,47A h.,Škoda,null,Destička s nábojem levá,null,false,null,null
431,47B h.,Škoda,null,Hák upevňovací,null,false,null,null
432,45C c.,Others,null,Rahmen Seitenverkleidung SVKL rechts,null,false,null,null
434,41A c.,Witte,null,Buchse Motor,null,false,null,null
439,37C h.,Others,null,Trubka FR4612,null,false,null,null
440,41A c.,Others,null,Abdeckung unten,null,false,null,null
29,Mezisklad,Witte,null,Antriebshebel,null,false,null,"[{""url"": ""https://qjoovhagucdcaebgdmbx.supabase.co/storage/v1/object/public/mold-photos/navodky/29_00029_Antriebshebel_L_R.pdf"", ""title"": ""Návodka""}]"
446,41A c.,Witte,null,ABDECKKAPPE COVER,null,false,null,"[{""url"": ""https://qjoovhagucdcaebgdmbx.supabase.co/storage/v1/object/public/mold-photos/navodky/446_Abdeckkappe.pdf"", ""title"": ""Návodka 1""}]"
368,40A m.,Novares,null,Verbindungshebel Re.RL,null,false,null,null
369,40A m.,Novares,null,Verbindungshebel Li.RL,null,false,null,null
408,40A z.,Novares,null,Gehause MKL/MKR,null,false,null,null
399,51E h.,Rotarex,null,Krytka Kappe Ezox,null,false,null,null
26,39B z.,Novares,null,Facade AV,null,false,null,"[{""url"": ""https://qjoovhagucdcaebgdmbx.supabase.co/storage/v1/object/public/mold-photos/navodky/26_P8MV_FACADE_AV_7616_00026.pdf"", ""title"": ""Návodka""}]"
270,37B c.,Others,null,Vložka hnízda,null,false,null,"[{""url"": ""https://qjoovhagucdcaebgdmbx.supabase.co/storage/v1/object/public/mold-photos/navodky/270_00270_Vlozka_hnizda.pdf"", ""title"": ""Návodka""}]"
363,41C b.,Witte,null,Housing L+R,null,false,null,"[{""url"": ""https://qjoovhagucdcaebgdmbx.supabase.co/storage/v1/object/public/mold-photos/navodky/363_GEHAUSE_HOUSING_L_R.pdf"", ""title"": ""Návodka 1""}]"
364,41A m.,Witte,null,Housing,null,false,null,"[{""url"": ""https://qjoovhagucdcaebgdmbx.supabase.co/storage/v1/object/public/mold-photos/navodky/364_Housing.pdf"", ""title"": ""Návodka 1""}]"
370,43E b.,Witte,null,Fanglager hart,null,false,null,"[{""url"": ""https://qjoovhagucdcaebgdmbx.supabase.co/storage/v1/object/public/mold-photos/navodky/370_00370_Fanlager.pdf"", ""title"": ""Návodka""}]"
382,37C h.,Scherdel,null,Ventil - Klein  - 2x HORKÁ TRYSKA,null,false,null,"[{""url"": ""https://qjoovhagucdcaebgdmbx.supabase.co/storage/v1/object/public/mold-photos/navodky/382_Ventil_maly_zeleny.pdf"", ""title"": ""Návodka 1""}, {""url"": ""https://qjoovhagucdcaebgdmbx.supabase.co/storage/v1/object/public/mold-photos/navodky/382_Ventil_maly_cerveny.pdf"", ""title"": ""Návodka 2""}]"
390,48A h.,Škoda,null,Ventil__spodni dil,null,false,null,"[{""url"": ""https://qjoovhagucdcaebgdmbx.supabase.co/storage/v1/object/public/mold-photos/navodky/390_Ventil_-_spodni_dil.pdf"", ""title"": ""Návodka 1""}]"
398,41B b.,Witte,null,Klinke GOB,null,false,null,"[{""url"": ""https://qjoovhagucdcaebgdmbx.supabase.co/storage/v1/object/public/mold-photos/navodky/398_Klinke_GOB.pdf"", ""title"": ""Návodka 1""}]"
404,47A b.,Škoda,null,Odpadkový koš - Zajišťovací díl,null,false,null,"[{""url"": ""https://qjoovhagucdcaebgdmbx.supabase.co/storage/v1/object/public/mold-photos/navodky/404_Odpadkovy_kos-Zajistovaci_dil.pdf"", ""title"": ""Návodka 1""}]"
407,41C c.,Witte,null,Indikator,null,false,null,"[{""url"": ""https://qjoovhagucdcaebgdmbx.supabase.co/storage/v1/object/public/mold-photos/navodky/407_Indikator_01060187133.pdf"", ""title"": ""Návodka 1""}]"
410,47B h.,Škoda,null,Fotohalter SK260 LL,null,false,null,"[{""url"": ""https://qjoovhagucdcaebgdmbx.supabase.co/storage/v1/object/public/mold-photos/navodky/410_Fotohalter_LL.pdf"", ""title"": ""Návodka 1""}]"
42,52B c.,Škoda,null,Klammer PSD,null,false,null,"[{""url"": ""https://qjoovhagucdcaebgdmbx.supabase.co/storage/v1/object/public/mold-photos/navodky/42_00042_Klammer_PSD_00042.pdf"", ""title"": ""Návodka""}]"
420,41A h.,Witte,null,Lampengehäuse,null,false,null,"[{""url"": ""https://qjoovhagucdcaebgdmbx.supabase.co/storage/v1/object/public/mold-photos/navodky/420_Lampengehause.pdf"", ""title"": ""Návodka 1""}]"
426,47A h.,Škoda,null,Otočný díl,null,false,null,"[{""url"": ""https://qjoovhagucdcaebgdmbx.supabase.co/storage/v1/object/public/mold-photos/navodky/426_Otocny_dil_L_P.pdf"", ""title"": ""Návodka 1""}]"
427,47A h.,Škoda,null,Klička ovládání,null,false,null,"[{""url"": ""https://qjoovhagucdcaebgdmbx.supabase.co/storage/v1/object/public/mold-photos/navodky/427_Klicka_ovladani_leva_prava.pdf"", ""title"": ""Návodka 1""}]"
43,Mezisklad,Witte,null,Frame L/R,null,false,null,"[{""url"": ""https://qjoovhagucdcaebgdmbx.supabase.co/storage/v1/object/public/mold-photos/navodky/43_00043_Frame_L_R.pdf"", ""title"": ""Návodka""}]"
442,44C z.,Bonnel,null,"BonBlock, díl A",null,false,null,"[{""url"": ""https://qjoovhagucdcaebgdmbx.supabase.co/storage/v1/object/public/mold-photos/navodky/442_BonBlock_dil_A_vana_seda_-_Altech_PP_GF30.pdf"", ""title"": ""Šedá""}]"
385,37A c.,Others,null,Víko motoru,null,false,null,null
463,43B c.,Witte,null,Housing GOB,null,false,null,"[{""url"": ""https://qjoovhagucdcaebgdmbx.supabase.co/storage/v1/object/public/mold-photos/navodky/463_00463_Housing_GOB.pdf"", ""title"": ""Návodka""}]"
464,44A c.,Witte,null,Clip,null,false,null,"[{""url"": ""https://qjoovhagucdcaebgdmbx.supabase.co/storage/v1/object/public/mold-photos/navodky/464_00464_Clip.pdf"", ""title"": ""Návodka""}]"
465,44A c.,Witte,null,Cover,null,false,null,"[{""url"": ""https://qjoovhagucdcaebgdmbx.supabase.co/storage/v1/object/public/mold-photos/navodky/465_00465_Cover.pdf"", ""title"": ""Návodka""}]"
482,37A m.,Triarca,null,7mm rör,null,false,null,"[{""url"": ""https://qjoovhagucdcaebgdmbx.supabase.co/storage/v1/object/public/mold-photos/navodky/482_00482_7mm_ror.pdf"", ""title"": ""Návodka""}]"
413,38B b.,Scherdel,null,Ventil klein US,null,false,null,"[{""url"": ""https://qjoovhagucdcaebgdmbx.supabase.co/storage/v1/object/public/mold-photos/navodky/413_Ventil_cerveny_USA_-_Lifocolor.pdf"", ""title"": ""Návodka 1""}]"
452,40A b.,Novares,null,ZT IT FS Aussen RL Blende,null,false,null,"[{""url"": ""https://qjoovhagucdcaebgdmbx.supabase.co/storage/v1/object/public/mold-photos/navodky/452_ZT_IT_FS_Aussen_RL_Blende_W26907_00452.pdf"", ""title"": ""Návodka""}]"
460,42B z.,Witte,null,Deckel Actuator L/R,null,false,null,"[{""url"": ""https://qjoovhagucdcaebgdmbx.supabase.co/storage/v1/object/public/mold-photos/navodky/460_00460_Deckel_Actuator_L_R.pdf"", ""title"": ""Návodka""}]"
461,37A c.,WEIDPLAS,null,01.5B1_Cover,null,false,null,"[{""url"": ""https://qjoovhagucdcaebgdmbx.supabase.co/storage/v1/object/public/mold-photos/navodky/461_Cover_01.5B1_00461.pdf"", ""title"": ""Návodka""}]"
462,44B h.,Witte,null,Holder Switch RH,null,false,null,"[{""url"": ""https://qjoovhagucdcaebgdmbx.supabase.co/storage/v1/object/public/mold-photos/navodky/462_00462_Holder_Switch_RS_LS.pdf"", ""title"": ""Návodka""}]"
466,41C č.,Witte,null,Kindersicherungshebel,null,false,null,"[{""url"": ""https://qjoovhagucdcaebgdmbx.supabase.co/storage/v1/object/public/mold-photos/navodky/466_Kindersicherungshebel_00466.pdf"", ""title"": ""Návodka""}]"
469,51E m.,Mubea,null,Sleeve Ford V769,null,false,null,"[{""url"": ""https://qjoovhagucdcaebgdmbx.supabase.co/storage/v1/object/public/mold-photos/navodky/469_Spring_Isolator_00469.pdf"", ""title"": ""Návodka""}]"
470,43D b.,Witte,null,DEP Pad front,null,false,null,"[{""url"": ""https://qjoovhagucdcaebgdmbx.supabase.co/storage/v1/object/public/mold-photos/navodky/470_00470_DEP_Pad_front.pdf"", ""title"": ""Návodka""}]"
471,44B c.,Witte,null,Plastic Axis,null,false,null,"[{""url"": ""https://qjoovhagucdcaebgdmbx.supabase.co/storage/v1/object/public/mold-photos/navodky/471_00471_Plastic_Axis.pdf"", ""title"": ""Návodka""}]"
472,43B c.,Witte,null,Pusher,null,false,null,"[{""url"": ""https://qjoovhagucdcaebgdmbx.supabase.co/storage/v1/object/public/mold-photos/navodky/472_00472_Pusher.pdf"", ""title"": ""Návodka""}]"
473,44A h.,Witte,null,Rolle,null,false,null,"[{""url"": ""https://qjoovhagucdcaebgdmbx.supabase.co/storage/v1/object/public/mold-photos/navodky/473_00473_Rolle.pdf"", ""title"": ""Návodka""}]"
474,43D c.,Witte,null,Abstuetzung,null,false,null,"[{""url"": ""https://qjoovhagucdcaebgdmbx.supabase.co/storage/v1/object/public/mold-photos/navodky/474_00474_Abstuetzung.pdf"", ""title"": ""Návodka""}]"
475,43D c.,Witte,null,Ausloesehebel,null,false,null,"[{""url"": ""https://qjoovhagucdcaebgdmbx.supabase.co/storage/v1/object/public/mold-photos/navodky/475_00475_Auslosehebel.pdf"", ""title"": ""Návodka""}]"
476,40B h.,Witte,null,Deckel,null,false,null,"[{""url"": ""https://qjoovhagucdcaebgdmbx.supabase.co/storage/v1/object/public/mold-photos/navodky/476_00476_Deckel.pdf"", ""title"": ""Návodka""}]"
477,44A h.,Witte,null,Zentralhebel,null,false,null,"[{""url"": ""https://qjoovhagucdcaebgdmbx.supabase.co/storage/v1/object/public/mold-photos/navodky/477_00477_Zentralhebel.pdf"", ""title"": ""Návodka""}]"
478,43D b.,Witte,null,"Anlenkhbel OT 3,4",null,false,null,"[{""url"": ""https://qjoovhagucdcaebgdmbx.supabase.co/storage/v1/object/public/mold-photos/navodky/478_00478_Anlenkhebel_OT_3_4.pdf"", ""title"": ""Návodka""}]"
479,40B h.,Witte,null,Fuhrungshebel,null,false,null,"[{""url"": ""https://qjoovhagucdcaebgdmbx.supabase.co/storage/v1/object/public/mold-photos/navodky/479_00479_Fuhrungshebel.pdf"", ""title"": ""Návodka""}]"
48,49E z.,Witte,null,Verbindunsstange,null,false,null,"[{""url"": ""https://qjoovhagucdcaebgdmbx.supabase.co/storage/v1/object/public/mold-photos/navodky/48_00048_Verbindungsstange_L_R.pdf"", ""title"": ""Návodka""}]"
480,40B h.,Witte,null,Lagerschalle,null,false,null,"[{""url"": ""https://qjoovhagucdcaebgdmbx.supabase.co/storage/v1/object/public/mold-photos/navodky/480_00480_Lagerschalle.pdf"", ""title"": ""Návodka""}]"
481,52A m.,Triarca,null,V36 Las,null,false,null,"[{""url"": ""https://qjoovhagucdcaebgdmbx.supabase.co/storage/v1/object/public/mold-photos/navodky/481_00481_V36_Las.pdf"", ""title"": ""Návodka""}, {""url"": ""https://qjoovhagucdcaebgdmbx.supabase.co/storage/v1/object/public/mold-photos/navodky/481_00481_V6_Lock_Yellow.pdf"", ""title"": ""Žlutá""}, {""url"": ""https://qjoovhagucdcaebgdmbx.supabase.co/storage/v1/object/public/mold-photos/navodky/481_00481_V6_Lock_Red.pdf"", ""title"": ""Červená""}]"
483,37A m.,Triarca,null,10mm rör,null,false,null,"[{""url"": ""https://qjoovhagucdcaebgdmbx.supabase.co/storage/v1/object/public/mold-photos/navodky/483_00483_10mm_ror.pdf"", ""title"": ""Návodka""}]"
486,44A h.,Witte,null,Zentrierung,null,false,null,"[{""url"": ""https://qjoovhagucdcaebgdmbx.supabase.co/storage/v1/object/public/mold-photos/navodky/486_00486_Zentrierung.pdf"", ""title"": ""Návodka""}, {""url"": ""https://qjoovhagucdcaebgdmbx.supabase.co/storage/v1/object/public/mold-photos/navodky/486_Fuhrungsleiste_LH_RH_WZ486_684.pdf"", ""title"": ""Navodka_alt""}]"
521,44C b.,Bonnel,null,"SecureConnect-krytka,zadni_dil,vicko_I+II",null,false,null,"[{""url"": ""https://qjoovhagucdcaebgdmbx.supabase.co/storage/v1/object/public/mold-photos/navodky/521_SecureConnet_krytka_zadni_dil.pdf"", ""title"": ""Návodka 1""}]"
556,41B b.,Witte,null,Táhlo bovdenu,null,false,null,null
557,38C m.,Scherdel,null,Verbinder,null,false,null,null
558,41A b.,Witte,null,Zentrierung K,null,false,null,null
559,37C h.,Scherdel,null,Ventil mini II,null,false,null,null
587,45C c.,Ideal,null,Unterlage SK251,null,false,null,null
584,47A c.,Škoda,null,Hak na tyč upevňovaci,,false,null,
520,39C m.,Witte,null,Abdeckhaube RH/LH,null,false,null,null
525,39C c.,Novares,null,Kamm hinten I-Ta Mitte,null,false,null,null
528,39C c.,Novares,null,"Steuerlamelle hinten 2 I-Ta li,re",null,false,null,null
49,44A c.,Witte,null,Zwischenhebel,null,false,null,"[{""url"": ""https://qjoovhagucdcaebgdmbx.supabase.co/storage/v1/object/public/mold-photos/navodky/49_Zwischenhebel_00049.pdf"", ""title"": ""Návodka""}]"
505,47B z.,Škoda,null,Kryt vnitřní levý/pravý,null,false,null,"[{""url"": ""https://qjoovhagucdcaebgdmbx.supabase.co/storage/v1/object/public/mold-photos/navodky/505_Kryt_vnitrni_elektro_L_R_00505.pdf"", ""title"": ""Návodka""}]"
507,48C z.,Škoda,null,Misky držadla RL,null,false,null,"[{""url"": ""https://qjoovhagucdcaebgdmbx.supabase.co/storage/v1/object/public/mold-photos/navodky/507_Misky_drzadla_RL_-_1tl.2tl..pdf"", ""title"": ""Návodka 1""}, {""url"": ""https://qjoovhagucdcaebgdmbx.supabase.co/storage/v1/object/public/mold-photos/navodky/507_Misky_drzadla_RL_-_1tl.4tl..pdf"", ""title"": ""Návodka 2""}]"
509,49C m.,Škoda,null,Miska držadla 1 tl. zadní levá/pravá,null,false,null,"[{""url"": ""https://qjoovhagucdcaebgdmbx.supabase.co/storage/v1/object/public/mold-photos/navodky/509_Misky_drzadla_zadni.pdf"", ""title"": ""Návodka 1""}]"
514,43E b.,Witte,null,Fanglager weich,null,false,null,"[{""url"": ""https://qjoovhagucdcaebgdmbx.supabase.co/storage/v1/object/public/mold-photos/navodky/514_00514_Fanlager_Weich.pdf"", ""title"": ""Návodka""}]"
519,37B m.,Scherdel,null,Ventil gross-bez skla,null,false,null,"[{""url"": ""https://qjoovhagucdcaebgdmbx.supabase.co/storage/v1/object/public/mold-photos/navodky/519_Ventil_velky_fialovy.pdf"", ""title"": ""Návodka 1""}]"
52,38B m.,Scherdel,null,Ventil malý 16 nás. III,null,false,null,"[{""url"": ""https://qjoovhagucdcaebgdmbx.supabase.co/storage/v1/object/public/mold-photos/navodky/52_Ventil_maly_fialovy_16x_vakuum_00052.pdf"", ""title"": ""Návodka""}, {""url"": ""https://qjoovhagucdcaebgdmbx.supabase.co/storage/v1/object/public/mold-photos/navodky/52_Ventil_maly_modry_16x_vakuum_00052.pdf"", ""title"": ""Modrá""}, {""url"": ""https://qjoovhagucdcaebgdmbx.supabase.co/storage/v1/object/public/mold-photos/navodky/52_Ventil_maly_oranzovy_16x_vakuum_00052.pdf"", ""title"": ""Oranžová""}, {""url"": ""https://qjoovhagucdcaebgdmbx.supabase.co/storage/v1/object/public/mold-photos/navodky/52_Ventil_maly_tyrkysovy_16x_vakuum_00052.pdf"", ""title"": ""Tyrkysová""}, {""url"": ""https://qjoovhagucdcaebgdmbx.supabase.co/storage/v1/object/public/mold-photos/navodky/52_Ventil_maly_cerny_16x_vakuum_00052.pdf"", ""title"": ""Černá""}, {""url"": ""https://qjoovhagucdcaebgdmbx.supabase.co/storage/v1/object/public/mold-photos/navodky/52_Ventil_maly_cerveny_16x_vakuum_00052.pdf"", ""title"": ""Červená""}, {""url"": ""https://qjoovhagucdcaebgdmbx.supabase.co/storage/v1/object/public/mold-photos/navodky/52_Ventil_maly_sedy_16x_vakuum_00052.pdf"", ""title"": ""Šedá""}, {""url"": ""https://qjoovhagucdcaebgdmbx.supabase.co/storage/v1/object/public/mold-photos/navodky/52_Ventil_maly_zluty_16x_vakuum_00052.pdf"", ""title"": ""Žlutá""}]"
523,42B h.,Witte,null,Indikátor,null,false,null,"[{""url"": ""https://qjoovhagucdcaebgdmbx.supabase.co/storage/v1/object/public/mold-photos/navodky/523_Indikator_2x.pdf"", ""title"": ""Návodka 1""}]"
533,42B h.,Witte,null,Lever,null,false,null,"[{""url"": ""https://qjoovhagucdcaebgdmbx.supabase.co/storage/v1/object/public/mold-photos/navodky/533_Lever.pdf"", ""title"": ""Návodka 1""}]"
534,41C h.,Witte,null,Blende Cover,null,false,null,"[{""url"": ""https://qjoovhagucdcaebgdmbx.supabase.co/storage/v1/object/public/mold-photos/navodky/534_Blende_Cover.pdf"", ""title"": ""Návodka 1""}]"
54,42A m.,Witte,null,Haltering,null,false,null,"[{""url"": ""https://qjoovhagucdcaebgdmbx.supabase.co/storage/v1/object/public/mold-photos/navodky/54_00054_Haltering.pdf"", ""title"": ""Návodka""}]"
542,41B h.,Witte,null,Führungsklappe,null,false,null,"[{""url"": ""https://qjoovhagucdcaebgdmbx.supabase.co/storage/v1/object/public/mold-photos/navodky/542_Fuhrungsklappe.pdf"", ""title"": ""Návodka 1""}]"
548,37A h.,Scherdel,null,Ventil velký se sklem 8 nás.,null,false,null,"[{""url"": ""https://qjoovhagucdcaebgdmbx.supabase.co/storage/v1/object/public/mold-photos/navodky/548_Ventil_velky_modry_horky_vtok_.pdf"", ""title"": ""Návodka 1""}, {""url"": ""https://qjoovhagucdcaebgdmbx.supabase.co/storage/v1/object/public/mold-photos/navodky/548_Ventil_velky_cerveny_horky_vtok_.pdf"", ""title"": ""Návodka 2""}]"
550,41A c.,Witte,null,Montagehilfe,null,false,null,"[{""url"": ""https://qjoovhagucdcaebgdmbx.supabase.co/storage/v1/object/public/mold-photos/navodky/550_Montagehilfe.pdf"", ""title"": ""Návodka 1""}]"
551,42B c.,Witte,null,Abdeckhaube L/R,null,false,null,"[{""url"": ""https://qjoovhagucdcaebgdmbx.supabase.co/storage/v1/object/public/mold-photos/navodky/551_Abdeckhaube.pdf"", ""title"": ""Návodka 1""}]"
554,41C h.,Witte,null,Gestängeeinhängung II,null,false,null,"[{""url"": ""https://qjoovhagucdcaebgdmbx.supabase.co/storage/v1/object/public/mold-photos/navodky/554_Gestangeanhangnung_072.054.55.pdf"", ""title"": ""Návodka 1""}]"
569,41C b.,Witte,null,Auswerfer II,null,false,null,"[{""url"": ""https://qjoovhagucdcaebgdmbx.supabase.co/storage/v1/object/public/mold-photos/navodky/569_Auswerfer_Scanamid.pdf"", ""title"": ""Návodka 1""}]"
582,50C z.,Škoda,null,Aufnahmeteil li+re,null,false,null,"[{""url"": ""https://qjoovhagucdcaebgdmbx.supabase.co/storage/v1/object/public/mold-photos/navodky/582_Tyc_upevnovaci.pdf"", ""title"": ""Návodka 1""}]"
597,37A č.,AFSI,,Sedlo,null,false,,"[{""url"": ""https://qjoovhagucdcaebgdmbx.supabase.co/storage/v1/object/public/mold-photos/navodky/597_Sedlo_ON_3283.pdf"", ""title"": ""Návodka 1""}]"
600,38A b.,Scherdel,null,Ventil malý,null,false,null,"[{""url"": ""https://qjoovhagucdcaebgdmbx.supabase.co/storage/v1/object/public/mold-photos/navodky/600_Ventil_maly_erikaviolett.pdf"", ""title"": ""Návodka 1""}]"
607,49A z.,Škoda,null,Tyč upevňovací BASIS,null,false,null,"[{""url"": ""https://qjoovhagucdcaebgdmbx.supabase.co/storage/v1/object/public/mold-photos/navodky/607_Tyc_upevnovaci_BASIS_00607.pdf"", ""title"": ""Návodka""}]"
608,52C c.,Škoda,null,Krytka tyče upevňovací BASIS,null,false,null,"[{""url"": ""https://qjoovhagucdcaebgdmbx.supabase.co/storage/v1/object/public/mold-photos/navodky/608_Kryt_tyce_upevnovaci_BASIS_00608.pdf"", ""title"": ""Návodka""}]"
62,44C h.,Others,null,Krytka břitu 45°,null,false,null,null
624,51C c.,Others,null,Bracket 1+3,null,false,null,null
625,51E c.,Mubea,null,Bracket 2,null,false,null,null
626,38C m.,Scherdel,null,EKT Gehäuse,null,false,null,null
635,51E c.,Mubea,,Spring Isolator AD0020,null,false,null,null
65,48A b.,Škoda,null,Čepička ochraná,null,false,null,null
609,46A z.,Adient,null,Kryt boční vnější VARIO,null,false,null,"[{""url"": ""https://qjoovhagucdcaebgdmbx.supabase.co/storage/v1/object/public/mold-photos/navodky/609_Kryt_bocni_vnejsi_L_R_sedadlo_00609.pdf"", ""title"": ""Šedá""}, {""url"": ""https://qjoovhagucdcaebgdmbx.supabase.co/storage/v1/object/public/mold-photos/navodky/609_Kryt_bocni_vnejsi_L_R_00609.pdf"", ""title"": ""Navodka_alt""}]"
610,46B z.,Adient,null,Kryt vnitřní pravý VARIO,null,false,null,"[{""url"": ""https://qjoovhagucdcaebgdmbx.supabase.co/storage/v1/object/public/mold-photos/navodky/610_Kryt_bocni_vnitrni_L_R_00610.pdf"", ""title"": ""Návodka""}]"
611,46C z.,Adient,null,Kryt boční vnitřní VARIO / Kryt střední L VARIO,null,false,null,"[{""url"": ""https://qjoovhagucdcaebgdmbx.supabase.co/storage/v1/object/public/mold-photos/navodky/611_Kryt_bocni_vnitrni_stredni_L_00611.pdf"", ""title"": ""Červená""}]"
612,46A c.,Adient,null,Kryt zadní VARIO,null,false,null,"[{""url"": ""https://qjoovhagucdcaebgdmbx.supabase.co/storage/v1/object/public/mold-photos/navodky/612_Kryt_zadni_L_R_00612.pdf"", ""title"": ""Návodka""}, {""url"": ""https://qjoovhagucdcaebgdmbx.supabase.co/storage/v1/object/public/mold-photos/navodky/612_Kryt_zadni_levy_pravy_00612.pdf"", ""title"": ""Navodka_alt""}]"
613,46C c.,Adient,null,Kryt zadní střední,null,false,null,"[{""url"": ""https://qjoovhagucdcaebgdmbx.supabase.co/storage/v1/object/public/mold-photos/navodky/613_Kryt_zadni_stredni_00613.pdf"", ""title"": ""Červená""}]"
614,45A b.,Adient,null,Krytka Isofix boční VARIO,null,false,null,"[{""url"": ""https://qjoovhagucdcaebgdmbx.supabase.co/storage/v1/object/public/mold-photos/navodky/614_Krytka_Izofix_bocni_VARIO_614.pdf"", ""title"": ""Návodka""}]"
615,46A m.,Adient,null,Krytka Isofix vnitřní VARIO,null,false,null,"[{""url"": ""https://qjoovhagucdcaebgdmbx.supabase.co/storage/v1/object/public/mold-photos/navodky/615_Krytka_Izofix_vnitrni_VARIO_615.pdf"", ""title"": ""Návodka""}]"
617,45A z.,Adient,,Držák nápojů,null,false,null,"[{""url"": ""https://qjoovhagucdcaebgdmbx.supabase.co/storage/v1/object/public/mold-photos/navodky/617_Cupholder_00617.pdf"", ""title"": ""Návodka""}]"
618,46C m.,Adient,,Kryt boční vnější VARIO spodní,null,false,null,"[{""url"": ""https://qjoovhagucdcaebgdmbx.supabase.co/storage/v1/object/public/mold-photos/navodky/618_Kryt_bocni_spodni_vnejsi_00618.pdf"", ""title"": ""Návodka""}]"
619,46A m.,Adient,null,Kryt boční vnitřní VARIO spodní,null,false,null,"[{""url"": ""https://qjoovhagucdcaebgdmbx.supabase.co/storage/v1/object/public/mold-photos/navodky/619_Kryt_bocni_spodni_vnitrni_00619.pdf"", ""title"": ""Návodka""}]"
620,38A z.,AFSI,null,Trubka závitová - dlouhá,null,false,null,"[{""url"": ""https://qjoovhagucdcaebgdmbx.supabase.co/storage/v1/object/public/mold-photos/navodky/620_Trubka_dlouha_ON_3284.pdf"", ""title"": ""Návodka 1""}]"
621,38B z.,AFSI,null,Trubka závitová - krátká,null,false,null,"[{""url"": ""https://qjoovhagucdcaebgdmbx.supabase.co/storage/v1/object/public/mold-photos/navodky/621_Trubka_kratka_ON_3273.pdf"", ""title"": ""Návodka 1""}]"
622,41A b.,Witte,null,Gehäuse Abtriebswelle II,null,false,null,"[{""url"": ""https://qjoovhagucdcaebgdmbx.supabase.co/storage/v1/object/public/mold-photos/navodky/622_Gehause_Abtriebswelle_2x.pdf"", ""title"": ""Návodka 1""}]"
634,48C b.,Škoda,null,Kryt středního ložiska,null,false,null,"[{""url"": ""https://qjoovhagucdcaebgdmbx.supabase.co/storage/v1/object/public/mold-photos/navodky/634_Kryt_stredniho_loziska_00634.pdf"", ""title"": ""Červená""}]"
64,48A b.,Škoda,null,Zákryt oka zámku 5.dveří  SK 250/2,null,false,null,"[{""url"": ""https://qjoovhagucdcaebgdmbx.supabase.co/storage/v1/object/public/mold-photos/navodky/64_Krytka_zamku_5.dveri.pdf"", ""title"": ""Návodka 1""}]"
640,38C m.,Scherdel,null,Fixing clip,null,false,null,"[{""url"": ""https://qjoovhagucdcaebgdmbx.supabase.co/storage/v1/object/public/mold-photos/navodky/640_Fixing_clip_00640.pdf"", ""title"": ""Návodka""}]"
641,48C b.,Škoda,null,Kryt ovládací páky,null,false,null,"[{""url"": ""https://qjoovhagucdcaebgdmbx.supabase.co/storage/v1/object/public/mold-photos/navodky/641_Kryt_ovladaci_paky_00641.pdf"", ""title"": ""Návodka""}]"
642,41A c.,Witte,null,Gehäuse,null,false,null,"[{""url"": ""https://qjoovhagucdcaebgdmbx.supabase.co/storage/v1/object/public/mold-photos/navodky/642_Gehause_00642.pdf"", ""title"": ""Návodka""}]"
645,47B z.,Škoda,null,Kryt vnitřní levý+pravý spaceback,null,false,null,"[{""url"": ""https://qjoovhagucdcaebgdmbx.supabase.co/storage/v1/object/public/mold-photos/navodky/645_00645_Kryt_vnitrni_uplny_L_R_00645.pdf"", ""title"": ""Návodka""}, {""url"": ""https://qjoovhagucdcaebgdmbx.supabase.co/storage/v1/object/public/mold-photos/navodky/645_Kryt_vnitrni_uplny_L_R_00645.pdf"", ""title"": ""Navodka_alt""}]"
646,48A z.,Škoda,null,2tlačítko LL,null,false,null,"[{""url"": ""https://qjoovhagucdcaebgdmbx.supabase.co/storage/v1/object/public/mold-photos/navodky/646_00646_Miska_2tl._LL_00646.pdf"", ""title"": ""Návodka""}, {""url"": ""https://qjoovhagucdcaebgdmbx.supabase.co/storage/v1/object/public/mold-photos/navodky/646_Miska_2tl._00646.pdf"", ""title"": ""Navodka_alt""}]"
650,51F c.,Škoda,null,1tlačítko LL,null,false,null,"[{""url"": ""https://qjoovhagucdcaebgdmbx.supabase.co/storage/v1/object/public/mold-photos/navodky/650_00650_Miska_1tl._00650.pdf"", ""title"": ""Návodka""}, {""url"": ""https://qjoovhagucdcaebgdmbx.supabase.co/storage/v1/object/public/mold-photos/navodky/650_Miska_1tl._00650.pdf"", ""title"": ""Navodka_alt""}]"
652,48B z.,Škoda,null,Kryt vnitřní levý+pravý Crossover,null,false,null,"[{""url"": ""https://qjoovhagucdcaebgdmbx.supabase.co/storage/v1/object/public/mold-photos/navodky/652_00652_Kryt_vnitrni_uplny_L_R_Crossover_00652.pdf"", ""title"": ""Návodka""}]"
653,48B z.,Škoda,null,1tlačítko zadní levé+pravé,null,false,null,"[{""url"": ""https://qjoovhagucdcaebgdmbx.supabase.co/storage/v1/object/public/mold-photos/navodky/653_00653_Miska_1tl._zadni_L_R_00653.pdf"", ""title"": ""Návodka""}, {""url"": ""https://qjoovhagucdcaebgdmbx.supabase.co/storage/v1/object/public/mold-photos/navodky/653_Miska_1tl._zadni_L_R_00653.pdf"", ""title"": ""Navodka_alt""}]"
654,48C m.,Škoda,null,1tlačítko 5dveře LL,null,false,null,"[{""url"": ""https://qjoovhagucdcaebgdmbx.supabase.co/storage/v1/object/public/mold-photos/navodky/654_00654_Miska_ovl._5._dveri_LL_00654.pdf"", ""title"": ""Návodka""}, {""url"": ""https://qjoovhagucdcaebgdmbx.supabase.co/storage/v1/object/public/mold-photos/navodky/654_Miska_ovladani_5_dv._LL_00654.pdf"", ""title"": ""Navodka_alt""}]"
498,44C c.,Witte,null,Blockiernocken GOB,null,false,null,"[{""url"": ""https://qjoovhagucdcaebgdmbx.supabase.co/storage/v1/object/public/mold-photos/navodky/498_00498_Blockiernocken.pdf"", ""title"": ""Návodka""}]"
50,43A b.,Witte,null,Clip,null,false,null,"[{""url"": ""https://qjoovhagucdcaebgdmbx.supabase.co/storage/v1/object/public/mold-photos/navodky/50_Clip_00050.pdf"", ""title"": ""Návodka""}]"
590,48A b.,Škoda,null,Kryt AKU,null,false,null,"[{""url"": ""https://qjoovhagucdcaebgdmbx.supabase.co/storage/v1/object/public/mold-photos/navodky/590_Krytka_AKU_00590.pdf"", ""title"": ""Návodka""}]"
591,48A b.,Škoda,,Kryt LFE,null,false,,"[{""url"": ""https://qjoovhagucdcaebgdmbx.supabase.co/storage/v1/object/public/mold-photos/navodky/591_Krytka_LFE_00591.pdf"", ""title"": ""Návodka""}]"
605,50B z.,Škoda,null,Tyč upevňovací,null,false,null,"[{""url"": ""https://qjoovhagucdcaebgdmbx.supabase.co/storage/v1/object/public/mold-photos/navodky/605_Tyc_upevnovaci_L_R_00605.pdf"", ""title"": ""Návodka""}]"
508,47A z.,Škoda,null,Misky držadla LL,null,false,null,"[{""url"": ""https://qjoovhagucdcaebgdmbx.supabase.co/storage/v1/object/public/mold-photos/navodky/508_Misky_drzadla_LL_-_1tl.2tl._00508.pdf"", ""title"": ""Návodka""}, {""url"": ""https://qjoovhagucdcaebgdmbx.supabase.co/storage/v1/object/public/mold-photos/navodky/508_Misky_drzadla_LL_-_1tl.4tl.vtok_00508.pdf"", ""title"": ""Navodka_alt""}]"
574,40B m.,Novares,null,Bedienknopf MIKO hinten L/R,null,false,null,"[{""url"": ""https://qjoovhagucdcaebgdmbx.supabase.co/storage/v1/object/public/mold-photos/navodky/574_Gehause_L_R_-_01050573_574.pdf"", ""title"": ""Návodka""}]"
861,45E č.,Grammer,null,Interlock LS / RS,null,false,null,"[{""url"": ""https://qjoovhagucdcaebgdmbx.supabase.co/storage/v1/object/public/mold-photos/navodky/861_00861_Interlock.pdf"", ""title"": ""Návodka""}]"
575,40A m.,Novares,null,V-Lamellenkamm LL,null,false,null,"[{""url"": ""https://qjoovhagucdcaebgdmbx.supabase.co/storage/v1/object/public/mold-photos/navodky/575_VW_378_V_Lamellenkamm_lang_FS_LL-W23807.pdf"", ""title"": ""Návodka""}]"
900,40C z.,Donaldson,null,Housing,null,false,null,"[{""url"": ""https://qjoovhagucdcaebgdmbx.supabase.co/storage/v1/object/public/mold-photos/navodky/900_00900_Housing.pdf"", ""title"": ""Návodka""}]"
901,36C b.,Donaldson,null,Endcap open,null,false,null,"[{""url"": ""https://qjoovhagucdcaebgdmbx.supabase.co/storage/v1/object/public/mold-photos/navodky/901_00901_Endcap_Open.pdf"", ""title"": ""Návodka""}]"
902,40C z.,Donaldson,null,Liner inner,null,false,null,"[{""url"": ""https://qjoovhagucdcaebgdmbx.supabase.co/storage/v1/object/public/mold-photos/navodky/902_00902_Liner_Inner.pdf"", ""title"": ""Návodka""}]"
922,50C z.,Donaldson,null,Bottom Endcap,null,false,null,"[{""url"": ""https://qjoovhagucdcaebgdmbx.supabase.co/storage/v1/object/public/mold-photos/navodky/922_00922_Bottom_Endcap_P583747.pdf"", ""title"": ""Návodka""}, {""url"": ""https://qjoovhagucdcaebgdmbx.supabase.co/storage/v1/object/public/mold-photos/navodky/922_00922_Bottom_Endcap_P584631.pdf"", ""title"": ""Navodka_alt""}]"
577,42B c.,Witte,null,Abdeckhaube RH/LH II,null,false,null,"[{""url"": ""https://qjoovhagucdcaebgdmbx.supabase.co/storage/v1/object/public/mold-photos/navodky/577_Abdeckhaube_2_LH_RH_00577.pdf"", ""title"": ""Návodka""}]"
958,51D z.,Donaldson,null,Bowl Adaptor,null,false,null,"[{""url"": ""https://qjoovhagucdcaebgdmbx.supabase.co/storage/v1/object/public/mold-photos/navodky/958_00958_Bowl_Adaptor.pdf"", ""title"": ""Návodka""}]"
487,51D c.,Donaldson,null,Venturi,null,false,null,"[{""url"": ""https://qjoovhagucdcaebgdmbx.supabase.co/storage/v1/object/public/mold-photos/navodky/487_00487_Venturi.pdf"", ""title"": ""Návodka""}]"
495,47C c.,Others,null,Cover NTW SK316,null,false,null,"[{""url"": ""https://qjoovhagucdcaebgdmbx.supabase.co/storage/v1/object/public/mold-photos/navodky/495_00495_Krytka_NTW_VD_-_4PK.pdf"", ""title"": ""Návodka""}, {""url"": ""https://qjoovhagucdcaebgdmbx.supabase.co/storage/v1/object/public/mold-photos/navodky/495_00495_Krytka_NTW_VD_-_RM5.pdf"", ""title"": ""Navodka_alt""}]"
497,44B c.,Witte,null,Mechaniktraeger RS 1 - 2,null,false,null,"[{""url"": ""https://qjoovhagucdcaebgdmbx.supabase.co/storage/v1/object/public/mold-photos/navodky/497_00497_Mechaniktraeger_RS1.pdf"", ""title"": ""Návodka""}, {""url"": ""https://qjoovhagucdcaebgdmbx.supabase.co/storage/v1/object/public/mold-photos/navodky/497_00497_Mechaniktraeger_RS2.pdf"", ""title"": ""Navodka_alt""}]"
578,39A c.,Novares,null,238 Verbindungsstange LL,null,false,null,"[{""url"": ""https://qjoovhagucdcaebgdmbx.supabase.co/storage/v1/object/public/mold-photos/navodky/578_Verbindungshebel_FS_LL_3_578.pdf"", ""title"": ""Návodka""}]"
583,47A z.,Škoda,null,Abdeckkappe li+re,null,false,null,"[{""url"": ""https://qjoovhagucdcaebgdmbx.supabase.co/storage/v1/object/public/mold-photos/navodky/583_Krytka_tyce_upevnovaci_00583.pdf"", ""title"": ""Návodka""}]"
188,39B b.,Novares,null,Schweisseinleger blende mitte,null,false,null,null
191,39A m.,Novares,null,Blende Miko,null,false,null,null
196,39A h.,Novares,null,Taste,null,false,null,null
209,39B b.,Novares,null,Mechanismus Housing,null,false,null,null
212,39B h.,Novares,null,Gleitring (washer),null,false,null,null
213,39B h.,Novares,null,Zkušební destička na lakovnu,null,false,null,null
225,39C b.,Novares,null,Blendrahmen,null,false,null,null
233,41B h.,Novares,null,Koppelstange IT Mitte RTS/BABY,null,false,null,null
237,51C m.,Novares,null,Verbindungshebel aussen LL links/BABY,null,false,null,null
239,45D e.,Novares,null,Verbindungshebel aussen RL rechts/BABY,null,false,null,null
243,39A h.,Novares,null,Push-Hebel,null,false,null,null
264,40B m.,Novares,null,Verbindungshebel BFS LL (Koppelstange BFS LL),null,false,null,null
265,40C h.,Novares,null,Verbindungshebel FS LL (Koppelstange FS LL),null,false,null,null
710,39B m.,Novares,null,Traeger Schloss,null,false,null,"[{""url"": ""https://qjoovhagucdcaebgdmbx.supabase.co/storage/v1/object/public/mold-photos/navodky/710_Traeger_Schloss_W26106_00710.pdf"", ""title"": ""Návodka""}]"
298,41B m.,Novares,null,Knopf Hinten L/R + M I Ta,null,false,null,null
318,39A m.,Novares,null,Aufnahme Beleuchtung MK,null,false,null,null
320,40A m.,Novares,null,Aufnahme Beleuchtung LH/RH/M,null,false,null,null
321,39A h.,Novares,null,Hülse,null,false,null,null
322,39B h.,Novares,null,Verbindungshebel LH,null,false,null,null
323,39B h.,Novares,null,Verbindungshebel RH,null,false,null,null
324,39A h.,Novares,null,Verbindungshebel MK,null,false,null,null
327,39C h.,Novares,null,Lamellen Hinten MK,null,false,null,null
328,39B h.,Novares,null,PIN (Drehling) Befestigungsstopfen,null,false,null,null
329,39C h.,Novares,null,Kamm Hinten Miko Links/Rechts,null,false,null,null
330,39A h.,Novares,null,Leiste unten hinten LH/RH,null,false,null,null
331,39C h.,Novares,null,Kulisse Mitte,null,false,null,null
332,39C h.,Novares,null,Kamm hinten,null,false,null,null
333,39B h.,Novares,null,Schwenkhebel LH/RH/M,null,false,null,null
334,40C h.,Novares,null,Kamm Hinten Mitte Li+Re,null,false,null,null
335,39B h.,Novares,null,Verbindungshebel Mitte,null,false,null,null
336,39A h.,Novares,null,Kulisse Miko Links/Rechts,null,false,null,null
337,39A h.,Novares,null,Kulisse LH/RH,null,false,null,null
338,39B b.,Novares,null,Einlegematte,null,false,null,null
339,39A h.,Novares,null,Leiste oben hinten LH/RH,null,false,null,null
342,39B h.,Novares,null,Führungszapfen,null,false,null,null
357,39A h.,Novares,null,Verbindungsbolzen/Kinematic Axis,null,false,null,null
530,39C c.,Novares,null,Aufnahme Beleuchtung I-Ta,null,false,null,null
535,39C c.,Novares,null,Leiste oben/unten,null,false,null,null
536,39C c.,Novares,null,Leiste oben I-Ta oben/unten/Li/Re,null,false,null,null
537,39C c.,Novares,null,Knopf hinten B-Säule,null,false,null,null
538,39C c.,Novares,null,Leiste aussen/innen B-Säule+Kamm hinten,null,false,null,null
543,39B h.,Novares,null,Verbindungshebel Bed.rad unten RL - li/re,null,false,null,null
579,40B m.,Novares,null,238 PAO - Abdeckung,null,false,null,null
580,39A c.,Novares,null,238 Gabel Bedienknopf,null,false,null,null
581,40A m.,Novares,null,238 Bedienknopf I-Ta hinten,null,false,null,null
589,40A c.,Novares,null,Verbindungsstange RL,null,false,null,null
627,39C h.,Novares,null,"Gleitscheibe 16,5/24x2,2",null,false,null,null
628,42C m.,Novares,null,"Gleitscheibe 6,4/18,5x1,6",null,false,null,null
484,40B c.,Novares,null,Blende Bedienrad Mitte,null,false,null,"[{""url"": ""https://qjoovhagucdcaebgdmbx.supabase.co/storage/v1/object/public/mold-photos/navodky/484_00484_Blende_Bedienrad_Mitte_25101.pdf"", ""title"": ""Návodka""}]"
485,39B z.,Novares,null,Blende ITA Vorn oben LL rohteil,null,false,null,"[{""url"": ""https://qjoovhagucdcaebgdmbx.supabase.co/storage/v1/object/public/mold-photos/navodky/485_00485_Blende_ITA_vorn_oben_LL_rohteil_25007.pdf"", ""title"": ""Návodka""}]"
488,40B h.,Novares,null,Aksent,null,false,null,"[{""url"": ""https://qjoovhagucdcaebgdmbx.supabase.co/storage/v1/object/public/mold-photos/navodky/488_00488_Aksent_-_horni_dil_W3978.pdf"", ""title"": ""Návodka""}, {""url"": ""https://qjoovhagucdcaebgdmbx.supabase.co/storage/v1/object/public/mold-photos/navodky/488_00488_Aksent_-_spodni_dil_W3978.pdf"", ""title"": ""Navodka_alt""}]"
489,40A h.,Novares,null,Verbindunshebel,null,false,null,"[{""url"": ""https://qjoovhagucdcaebgdmbx.supabase.co/storage/v1/object/public/mold-photos/navodky/489_00489_Verbindungshebel_W3947.pdf"", ""title"": ""Návodka""}]"
490,40A h.,Novares,null,Lamelenkamm,null,false,null,"[{""url"": ""https://qjoovhagucdcaebgdmbx.supabase.co/storage/v1/object/public/mold-photos/navodky/490_00490_Lamelenkamm_W3980.pdf"", ""title"": ""Návodka""}]"
492,40B h.,Novares,null,Kulise/Schwenkhebel,null,false,null,"[{""url"": ""https://qjoovhagucdcaebgdmbx.supabase.co/storage/v1/object/public/mold-photos/navodky/492_00492_Kulise_Schwenkhebel_W3943.pdf"", ""title"": ""Návodka""}]"
496,40B c.,Novares,null,Gehause Klimah MY17,null,false,null,"[{""url"": ""https://qjoovhagucdcaebgdmbx.supabase.co/storage/v1/object/public/mold-photos/navodky/496_00496_Gehause_Klimah._MY17_W26845.pdf"", ""title"": ""Návodka""}]"
57,44A c.,Novares,null,End Caps,null,false,null,"[{""url"": ""https://qjoovhagucdcaebgdmbx.supabase.co/storage/v1/object/public/mold-photos/navodky/57_00057_End_Caps.pdf"", ""title"": ""Návodka""}]"
586,40A c.,Novares,null,V-Lamellenkamm RL,null,false,null,"[{""url"": ""https://qjoovhagucdcaebgdmbx.supabase.co/storage/v1/object/public/mold-photos/navodky/586_VW_378_V_Lamellenkamm_RL-W23834.pdf"", ""title"": ""Návodka""}]"
59,40C č.,Novares,null,Clips,null,false,null,"[{""url"": ""https://qjoovhagucdcaebgdmbx.supabase.co/storage/v1/object/public/mold-photos/navodky/59_00059_Clips.pdf"", ""title"": ""Návodka""}]"
629,39C z.,Novares,null,Verbindungshebel W 25110,null,false,null,"[{""url"": ""https://qjoovhagucdcaebgdmbx.supabase.co/storage/v1/object/public/mold-photos/navodky/629_00629_W25110_Verbindungshebel.pdf"", ""title"": ""Návodka""}]"
632,39C z.,Novares,null,Kamm Seite + M Re / Li,null,false,null,"[{""url"": ""https://qjoovhagucdcaebgdmbx.supabase.co/storage/v1/object/public/mold-photos/navodky/632_00632_W25105_Kamm_Seite_Mitte.pdf"", ""title"": ""Návodka""}]"
633,39C z.,Novares,null,Schwenkhebel Seite +M Re / Li,null,false,null,"[{""url"": ""https://qjoovhagucdcaebgdmbx.supabase.co/storage/v1/object/public/mold-photos/navodky/633_00633_W25109_Schwenkhebel_Seite_Mitte.pdf"", ""title"": ""Návodka""}]"
665,47B m.,Škoda,null,Nosný díl,null,false,null,"[{""url"": ""https://qjoovhagucdcaebgdmbx.supabase.co/storage/v1/object/public/mold-photos/navodky/665_Koncovka_-_nosny_dil_00665.pdf"", ""title"": ""Návodka""}, {""url"": ""https://qjoovhagucdcaebgdmbx.supabase.co/storage/v1/object/public/mold-photos/navodky/665_Nosny_dil_00665.pdf"", ""title"": ""Navodka_alt""}]"
667,38C b.,Scherdel,null,Ventil Mini (16x s vakuem),null,false,null,"[{""url"": ""https://qjoovhagucdcaebgdmbx.supabase.co/storage/v1/object/public/mold-photos/navodky/667_Ventil_mini_16x_vakuum_blau_bez_skla_00667.pdf"", ""title"": ""Modrá""}, {""url"": ""https://qjoovhagucdcaebgdmbx.supabase.co/storage/v1/object/public/mold-photos/navodky/667_Ventil_mini_16x_vakuum_grun_00667.pdf"", ""title"": ""Zelená""}, {""url"": ""https://qjoovhagucdcaebgdmbx.supabase.co/storage/v1/object/public/mold-photos/navodky/667_Ventil_mini_16x_vakuum_rot_00667.pdf"", ""title"": ""Návodka 3""}]"
656,47B c.,Škoda,null,1zlačítko 5dveře RL,null,false,null,"[{""url"": ""https://qjoovhagucdcaebgdmbx.supabase.co/storage/v1/object/public/mold-photos/navodky/656_00656_Miska_ovl._5._dveri_RL_00656.pdf"", ""title"": ""Návodka""}]"
657,48A m.,Škoda,null,Nosný díl,null,false,null,"[{""url"": ""https://qjoovhagucdcaebgdmbx.supabase.co/storage/v1/object/public/mold-photos/navodky/657_Ploutev_-_nosny_dil_00657.pdf"", ""title"": ""Návodka""}, {""url"": ""https://qjoovhagucdcaebgdmbx.supabase.co/storage/v1/object/public/mold-photos/navodky/657_Ploutev-Nosny_dil_00657.pdf"", ""title"": ""Navodka_alt""}]"
658,49A č.,Škoda,null,Kryt levý + pravý,null,false,null,"[{""url"": ""https://qjoovhagucdcaebgdmbx.supabase.co/storage/v1/object/public/mold-photos/navodky/658_Ploutev_-_Vzhledovy_dil_L_R_00658.pdf"", ""title"": ""Návodka""}, {""url"": ""https://qjoovhagucdcaebgdmbx.supabase.co/storage/v1/object/public/mold-photos/navodky/658_Ploutev_L_R_00658.pdf"", ""title"": ""Navodka_alt""}]"
660,48A m.,Škoda,null,Horní díl,null,false,null,"[{""url"": ""https://qjoovhagucdcaebgdmbx.supabase.co/storage/v1/object/public/mold-photos/navodky/660_Housing_-_Horni_dil_00660.pdf"", ""title"": ""Návodka""}]"
661,49A c.,Škoda,null,ZSB Spodní díl,null,false,null,"[{""url"": ""https://qjoovhagucdcaebgdmbx.supabase.co/storage/v1/object/public/mold-photos/navodky/661_Housing_-_Spodni_dil_00661.pdf"", ""title"": ""Návodka""}]"
668,38C m.,Scherdel,null,Ventil Velký (8x s vakuem),null,false,null,"[{""url"": ""https://qjoovhagucdcaebgdmbx.supabase.co/storage/v1/object/public/mold-photos/navodky/668_Ventil_velky_modry_8x_vakuum_00668.pdf"", ""title"": ""Modrá""}, {""url"": ""https://qjoovhagucdcaebgdmbx.supabase.co/storage/v1/object/public/mold-photos/navodky/668_Ventil_velky_zeleny_8x_vakuum_00668.pdf"", ""title"": ""Zelená""}, {""url"": ""https://qjoovhagucdcaebgdmbx.supabase.co/storage/v1/object/public/mold-photos/navodky/668_Ventil_velky_cerny_8x_vakuum_00668.pdf"", ""title"": ""Černá""}, {""url"": ""https://qjoovhagucdcaebgdmbx.supabase.co/storage/v1/object/public/mold-photos/navodky/668_Ventil_velky_cerveny_8x_vakuum_00668.pdf"", ""title"": ""Červená""}]"
669,43C m.,Witte,null,Buchse,null,false,null,"[{""url"": ""https://qjoovhagucdcaebgdmbx.supabase.co/storage/v1/object/public/mold-photos/navodky/669_Buchse_00669.pdf"", ""title"": ""Návodka""}]"
670,43A z.,Witte,null,Dichtung vorne,null,false,null,"[{""url"": ""https://qjoovhagucdcaebgdmbx.supabase.co/storage/v1/object/public/mold-photos/navodky/670_Dichtung_vorne_00670.pdf"", ""title"": ""Návodka""}]"
672,43A z.,Witte,null,Flaphalter 5 DR FRT LH/RH,null,false,null,"[{""url"": ""https://qjoovhagucdcaebgdmbx.supabase.co/storage/v1/object/public/mold-photos/navodky/672_Flaphalter_5DR_FRT_LH_RH_00672.pdf"", ""title"": ""Návodka""}]"
677,42C b.,Witte,null,Fuhrungsstuck Crafter,null,false,null,"[{""url"": ""https://qjoovhagucdcaebgdmbx.supabase.co/storage/v1/object/public/mold-photos/navodky/677_Fuhrungsstuck_Crafter_00677.pdf"", ""title"": ""Návodka""}]"
678,42A c.,Witte,null,Achse Crafter,null,false,null,"[{""url"": ""https://qjoovhagucdcaebgdmbx.supabase.co/storage/v1/object/public/mold-photos/navodky/678_Achse_Crafter_00678.pdf"", ""title"": ""Návodka""}]"
679,42A c.,Witte,null,Klammer RT Crafter,null,false,null,"[{""url"": ""https://qjoovhagucdcaebgdmbx.supabase.co/storage/v1/object/public/mold-photos/navodky/679_Klammer_RT_Crafter_00679.pdf"", ""title"": ""Návodka""}]"
680,43A č.,Witte,null,Dummy Zylinder Volvo,null,false,null,"[{""url"": ""https://qjoovhagucdcaebgdmbx.supabase.co/storage/v1/object/public/mold-photos/navodky/680_Dummy_Zylinder_00680.pdf"", ""title"": ""Návodka""}]"
681,43A z.,Witte,null,Flaphalter Hinten LH/RH,null,false,null,"[{""url"": ""https://qjoovhagucdcaebgdmbx.supabase.co/storage/v1/object/public/mold-photos/navodky/681_Flaphalter_hinten_LH_RH_00681.pdf"", ""title"": ""Návodka""}]"
714,39C z.,Novares,null,Griff Bedieneinheite Handschuhfach,null,false,null,"[{""url"": ""https://qjoovhagucdcaebgdmbx.supabase.co/storage/v1/object/public/mold-photos/navodky/714_Griff_Bedieneinheite_beige_W26103_00714.pdf"", ""title"": ""Návodka""}, {""url"": ""https://qjoovhagucdcaebgdmbx.supabase.co/storage/v1/object/public/mold-photos/navodky/714_Griff_Bedieneinheite_schwarz_W26103_00714.pdf"", ""title"": ""Navodka_alt""}]"
715,39A b.,Novares,null,Griff Bedieneinheite Handschuhfach M Schloss,null,false,null,"[{""url"": ""https://qjoovhagucdcaebgdmbx.supabase.co/storage/v1/object/public/mold-photos/navodky/715_Griff_Bedieneinheite_beige_W26104_00715.pdf"", ""title"": ""Návodka""}, {""url"": ""https://qjoovhagucdcaebgdmbx.supabase.co/storage/v1/object/public/mold-photos/navodky/715_Griff_Bedieneinheite_schwarz_W26104_00715.pdf"", ""title"": ""Navodka_alt""}]"
904,43D z.,Novares,null,Central inspection hatch,null,false,null,"[{""url"": ""https://qjoovhagucdcaebgdmbx.supabase.co/storage/v1/object/public/mold-photos/navodky/904_00904_Central_inspection_hatch.pdf"", ""title"": ""Návodka""}]"
916,36C m.,Novares,null,Joint G+D – polotovar,null,false,null,"[{""url"": ""https://qjoovhagucdcaebgdmbx.supabase.co/storage/v1/object/public/mold-photos/navodky/916_00916_Joint_G_D.pdf"", ""title"": ""Návodka""}]"
917,36C m.,Novares,null,Joint G+D,null,false,null,"[{""url"": ""https://qjoovhagucdcaebgdmbx.supabase.co/storage/v1/object/public/mold-photos/navodky/917_00917_Joint_G_D_obstrik_.pdf"", ""title"": ""Návodka""}]"
945,40C m.,Novares,null,Forma 467205,null,false,null,"[{""url"": ""https://qjoovhagucdcaebgdmbx.supabase.co/storage/v1/object/public/mold-photos/navodky/945_00945_V-Vane_Link_Fork.pdf"", ""title"": ""Návodka""}]"
946,40C m.,Novares,null,Forma 21-23,null,false,null,"[{""url"": ""https://qjoovhagucdcaebgdmbx.supabase.co/storage/v1/object/public/mold-photos/navodky/946_00946_Forma_21-23.pdf"", ""title"": ""Návodka""}]"
682,43C m.,Witte,null,Abdeckung RH,null,false,null,"[{""url"": ""https://qjoovhagucdcaebgdmbx.supabase.co/storage/v1/object/public/mold-photos/navodky/682_Abdeckung_RH_00682.pdf"", ""title"": ""Návodka""}]"
683,45B h.,Ideal,null,Fuhrungsleisten LH/RH,null,false,null,"[{""url"": ""https://qjoovhagucdcaebgdmbx.supabase.co/storage/v1/object/public/mold-photos/navodky/683_Fuhrungsleiste_LH_RH_WZ437_683.pdf"", ""title"": ""Návodka""}]"
549,38B b.,Scherdel,null,Ventil Kegel 8 nás.,null,false,null,null
687,43A c.,Novares,null,Traeger T7,null,false,null,null
70,44C h.,Others,null,Těleso s kabelem  S39 - 420 / 320 mm,null,false,null,null
684,45C h.,Ideal,null,Fuhrungsleisten LH/RH,null,false,null,"[{""url"": ""https://qjoovhagucdcaebgdmbx.supabase.co/storage/v1/object/public/mold-photos/navodky/684_Fuhrungsleiste_LH_RH_WZ486_684.pdf"", ""title"": ""Návodka 1""}]"
685,45B c.,Ideal,null,Halter Steckdose,null,false,null,"[{""url"": ""https://qjoovhagucdcaebgdmbx.supabase.co/storage/v1/object/public/mold-photos/navodky/685_Halter_Steckdose.pdf"", ""title"": ""Návodka 1""}]"
686,43A c.,Witte,null,Buchse,null,false,null,"[{""url"": ""https://qjoovhagucdcaebgdmbx.supabase.co/storage/v1/object/public/mold-photos/navodky/686_Buchse_00686.pdf"", ""title"": ""Návodka""}]"
724,43C c.,Witte,null,Kappe,null,false,null,"[{""url"": ""https://qjoovhagucdcaebgdmbx.supabase.co/storage/v1/object/public/mold-photos/navodky/724_Kappe_01072325015_01072327015_00724.pdf"", ""title"": ""Návodka""}]"
518,41C b.,Škoda,null,Záslepka,null,false,null,null
511,47B b.,Škoda,null,Vedení obložení levé/pravé,null,false,null,"[{""url"": ""https://qjoovhagucdcaebgdmbx.supabase.co/storage/v1/object/public/mold-photos/navodky/511_Vedeni_prihradky_predni_L_R.pdf"", ""title"": ""Návodka 1""}]"
688,45B z.,Ideal,null,Ablage SK326,null,false,null,"[{""url"": ""https://qjoovhagucdcaebgdmbx.supabase.co/storage/v1/object/public/mold-photos/navodky/688_Ablage_SK326_WZ485_688.pdf"", ""title"": ""Návodka""}]"
689,45C z.,Ideal,null,Ablage SK326,null,false,null,"[{""url"": ""https://qjoovhagucdcaebgdmbx.supabase.co/storage/v1/object/public/mold-photos/navodky/689_Ablage_SK326_WZ436_689.pdf"", ""title"": ""Návodka""}]"
691,43C z.,Witte,null,Austellhebel,null,false,null,"[{""url"": ""https://qjoovhagucdcaebgdmbx.supabase.co/storage/v1/object/public/mold-photos/navodky/691_Austellhebel_L_R_00691.pdf"", ""title"": ""Návodka""}]"
694,43B z.,Witte,null,Ausloesehebel,null,false,null,"[{""url"": ""https://qjoovhagucdcaebgdmbx.supabase.co/storage/v1/object/public/mold-photos/navodky/694_Ausloesehebel_L_R_00694.pdf"", ""title"": ""Návodka""}]"
697,44C m.,Others,null,Hinge Bearing,null,false,null,"[{""url"": ""https://qjoovhagucdcaebgdmbx.supabase.co/storage/v1/object/public/mold-photos/navodky/697_Hinge_Bearing_00697.pdf"", ""title"": ""Návodka""}]"
698,42C m.,Witte,null,Sperrhaken L,null,false,null,"[{""url"": ""https://qjoovhagucdcaebgdmbx.supabase.co/storage/v1/object/public/mold-photos/navodky/698_Sperrhaken_GOB_Li_00698.pdf"", ""title"": ""Návodka""}]"
699,42C m.,Witte,null,Sperrhaken R,null,false,null,"[{""url"": ""https://qjoovhagucdcaebgdmbx.supabase.co/storage/v1/object/public/mold-photos/navodky/699_Sperrhaken_GOB_Re_00699.pdf"", ""title"": ""Návodka""}]"
700,42A m.,Witte,null,Betaetigungshebel,null,false,null,"[{""url"": ""https://qjoovhagucdcaebgdmbx.supabase.co/storage/v1/object/public/mold-photos/navodky/700_Beteatigungshebel_00700.pdf"", ""title"": ""Návodka""}]"
701,42A b.,Witte,null,Drehfalle BMW,null,false,null,"[{""url"": ""https://qjoovhagucdcaebgdmbx.supabase.co/storage/v1/object/public/mold-photos/navodky/701_Drehfalle_GOB_00130757040.pdf"", ""title"": ""Návodka 1""}, {""url"": ""https://qjoovhagucdcaebgdmbx.supabase.co/storage/v1/object/public/mold-photos/navodky/701_Drehfalle_GOB_00130759040.pdf"", ""title"": ""Návodka 2""}]"
706,39B m.,Novares,null,Steuerhebel,null,false,null,"[{""url"": ""https://qjoovhagucdcaebgdmbx.supabase.co/storage/v1/object/public/mold-photos/navodky/706_Steuerhebel_lever_W25305_00706.pdf"", ""title"": ""Návodka""}]"
719,42B m.,Witte,null,Víko - Fanglager,null,false,null,"[{""url"": ""https://qjoovhagucdcaebgdmbx.supabase.co/storage/v1/object/public/mold-photos/navodky/719_Viko_-_Fanglager_00719.pdf"", ""title"": ""Návodka""}]"
722,43B m.,Witte,null,DIH - Housing,null,false,null,"[{""url"": ""https://qjoovhagucdcaebgdmbx.supabase.co/storage/v1/object/public/mold-photos/navodky/722_Dih_Housing.pdf"", ""title"": ""Návodka 1""}]"
723,42B m.,Witte,null,Rear pulley,null,false,null,"[{""url"": ""https://qjoovhagucdcaebgdmbx.supabase.co/storage/v1/object/public/mold-photos/navodky/723_Rear_Pulley_00723.pdf"", ""title"": ""Návodka""}]"
731,41C z.,Witte,null,Gleitstucke MKS L + R,null,false,null,"[{""url"": ""https://qjoovhagucdcaebgdmbx.supabase.co/storage/v1/object/public/mold-photos/navodky/731_00731_Gleitstucke_MKS_L_R.pdf"", ""title"": ""Návodka""}]"
733,43A m.,Witte,null,Kisi Kuplung,null,false,null,"[{""url"": ""https://qjoovhagucdcaebgdmbx.supabase.co/storage/v1/object/public/mold-photos/navodky/733_Kisi_kuplung_II_00733.pdf"", ""title"": ""Návodka""}]"
735,43C z.,Witte,null,Cover R,null,false,null,"[{""url"": ""https://qjoovhagucdcaebgdmbx.supabase.co/storage/v1/object/public/mold-photos/navodky/735_Cover_R_00735.pdf"", ""title"": ""Návodka""}]"
736,45B b.,Ideal,null,Retainer Hinten,null,false,null,"[{""url"": ""https://qjoovhagucdcaebgdmbx.supabase.co/storage/v1/object/public/mold-photos/navodky/736_Retainer_Hinten_L_R_00736.pdf"", ""title"": ""Návodka""}]"
737,45B c.,Ideal,null,Retainer Vorne,null,false,null,"[{""url"": ""https://qjoovhagucdcaebgdmbx.supabase.co/storage/v1/object/public/mold-photos/navodky/737_Retainer_Vorne_L_R_00737.pdf"", ""title"": ""Návodka""}]"
738,37B m.,Scherdel,null,Ventil Mini,null,false,null,"[{""url"": ""https://qjoovhagucdcaebgdmbx.supabase.co/storage/v1/object/public/mold-photos/navodky/738_Ventil_1086_327_107_DES001_rot_00738.pdf"", ""title"": ""Návodka 1""}, {""url"": ""https://qjoovhagucdcaebgdmbx.supabase.co/storage/v1/object/public/mold-photos/navodky/738_Ventil_1086_327_107_DES001_rot_-_novy_nastroj.pdf"", ""title"": ""Návodka 2""}]"
739,37B z.,AFSI,null,Trubka FR4609,null,false,null,"[{""url"": ""https://qjoovhagucdcaebgdmbx.supabase.co/storage/v1/object/public/mold-photos/navodky/739_Trubka_-_FR_4609.pdf"", ""title"": ""Návodka 1""}]"
740,47B c.,Škoda,null,Přepážka 2,null,false,null,"[{""url"": ""https://qjoovhagucdcaebgdmbx.supabase.co/storage/v1/object/public/mold-photos/navodky/740_Prepazka_2_00740.pdf"", ""title"": ""Návodka""}]"
435,42B h.,Witte,null,Gehause Kettenrad,null,false,null,null
441,41B b.,Witte,null,Stellhebel,null,false,null,"[{""url"": ""https://qjoovhagucdcaebgdmbx.supabase.co/storage/v1/object/public/mold-photos/navodky/441_Stellhebel.pdf"", ""title"": ""Návodka 1""}]"
746,51C c.,Škoda,null,Kryt vnitřní manual,null,false,null,"[{""url"": ""https://qjoovhagucdcaebgdmbx.supabase.co/storage/v1/object/public/mold-photos/navodky/746_Kryt_vnitrni_manual_L_R_00746.pdf"", ""title"": ""Návodka""}]"
541,41A b.,Witte,null,Stift,null,false,null,null
76,44C m.,Others,null,Klobouk PV 21 c 8-10 + Víko,null,false,null,null
761,48A c.,Škoda,null,Ventil__horni dil_III,null,false,null,null
78,45C b.,Ideal,null,AB2  Cab.  Retainer A / B / C / L / R   HK,null,false,null,null
786,38A c.,Others,null,NANOMASK-V4-S,null,false,null,null
787,37B c.,Others,null,NANOMASK-V4-M-stroj č.10,null,false,null,null
754,51A c.,Škoda,null,Miska držadla 2tl. RL,null,false,null,"[{""url"": ""https://qjoovhagucdcaebgdmbx.supabase.co/storage/v1/object/public/mold-photos/navodky/754_Miska_2tl._RL_00754.pdf"", ""title"": ""Návodka""}]"
438,41A h.,Witte,null,Jochschuh,null,false,null,"[{""url"": ""https://qjoovhagucdcaebgdmbx.supabase.co/storage/v1/object/public/mold-photos/navodky/438_Jochschuh.pdf"", ""title"": ""Návodka 1""}]"
756,50A z.,Škoda,null,Miska držadla 4tl. RL,null,false,null,"[{""url"": ""https://qjoovhagucdcaebgdmbx.supabase.co/storage/v1/object/public/mold-photos/navodky/756_Miska_4tl._RL_joystick_00756.pdf"", ""title"": ""Návodka""}]"
762,47C b.,Škoda,null,Ventil__spodni dil_III,null,false,null,"[{""url"": ""https://qjoovhagucdcaebgdmbx.supabase.co/storage/v1/object/public/mold-photos/navodky/762_Ventil_-_spodni_dil_-_nova_forma_II_00762.pdf"", ""title"": ""Návodka""}]"
763,38C b.,Scherdel,null,Securing Piston,null,false,null,"[{""url"": ""https://qjoovhagucdcaebgdmbx.supabase.co/storage/v1/object/public/mold-photos/navodky/763_Securing_Piston_00763.pdf"", ""title"": ""Návodka""}]"
765,48B m.,Škoda,null,Odpadkový koš - Pevný díl,null,false,null,"[{""url"": ""https://qjoovhagucdcaebgdmbx.supabase.co/storage/v1/object/public/mold-photos/navodky/765_Odpadkovy_kos-pevny_dil_Satinschwarz_00765.pdf"", ""title"": ""Návodka""}, {""url"": ""https://qjoovhagucdcaebgdmbx.supabase.co/storage/v1/object/public/mold-photos/navodky/765_Odpadkovy_kos-pevny_dil_WC4_00765.pdf"", ""title"": ""Navodka_alt""}]"
766,49A m.,Škoda,null,Odpadkový koš - Zajišťovací díl,null,false,null,"[{""url"": ""https://qjoovhagucdcaebgdmbx.supabase.co/storage/v1/object/public/mold-photos/navodky/766_Odpadkovy_kos-Zajistovaci_dil_00766.pdf"", ""title"": ""Návodka""}]"
768,37A b.,Scherdel,null,Ventil Mini 32x (gen IV) backup,null,false,null,"[{""url"": ""https://qjoovhagucdcaebgdmbx.supabase.co/storage/v1/object/public/mold-photos/navodky/768_Ventil_mini_32x_vakuum_00768.pdf"", ""title"": ""Návodka""}]"
771,38B c.,Scherdel,null,"Ventil malý ""mexicaner"" (gen IV) 32x backup",null,false,null,"[{""url"": ""https://qjoovhagucdcaebgdmbx.supabase.co/storage/v1/object/public/mold-photos/navodky/771_Ventil_maly_32x_vakuum_lila_00771.pdf"", ""title"": ""Fialová""}, {""url"": ""https://qjoovhagucdcaebgdmbx.supabase.co/storage/v1/object/public/mold-photos/navodky/771_Ventil_maly_32x_vakuum_cerny_00771.pdf"", ""title"": ""Černá""}]"
772,38C c.,Scherdel,null,Ventil malý Erikaviolett (gen IV) 16x,null,false,null,"[{""url"": ""https://qjoovhagucdcaebgdmbx.supabase.co/storage/v1/object/public/mold-photos/navodky/772_Ventil_maly_16x_Ericaviolet_00772.pdf"", ""title"": ""Návodka""}]"
773,38C c.,Scherdel,null,Ventil malý Erikaviolett (gen IV) 16x backup,null,false,null,"[{""url"": ""https://qjoovhagucdcaebgdmbx.supabase.co/storage/v1/object/public/mold-photos/navodky/773_Ventil_maly_16x_Ericaviolet_00773.pdf"", ""title"": ""Návodka""}]"
776,38A b.,Scherdel,null,Ventil gross US,null,false,null,"[{""url"": ""https://qjoovhagucdcaebgdmbx.supabase.co/storage/v1/object/public/mold-photos/navodky/776_Ventil_velky_cerny_USA_00776.pdf"", ""title"": ""Černá""}]"
947,40C m.,Novares,null,Forma 21-33,null,false,null,"[{""url"": ""https://qjoovhagucdcaebgdmbx.supabase.co/storage/v1/object/public/mold-photos/navodky/947_00947_Forma_21-33.pdf"", ""title"": ""Návodka""}]"
962,48A č.,Škoda,null,Vedení levé + pravé,null,false,null,"[{""url"": ""https://qjoovhagucdcaebgdmbx.supabase.co/storage/v1/object/public/mold-photos/navodky/962_00962_Vedeni_L_R.pdf"", ""title"": ""Návodka""}]"
963,48A č.,Škoda,null,Držák motoru,null,false,null,"[{""url"": ""https://qjoovhagucdcaebgdmbx.supabase.co/storage/v1/object/public/mold-photos/navodky/963_00963_Nosic_motoru.pdf"", ""title"": ""Návodka""}]"
964,51B m.,Škoda,null,Cover NTW ND,null,false,null,"[{""url"": ""https://qjoovhagucdcaebgdmbx.supabase.co/storage/v1/object/public/mold-photos/navodky/964_00964_Cover_NTW_ND.pdf"", ""title"": ""Návodka""}]"
965,51C m.,Škoda,null,Cover NTW PGD,null,false,null,"[{""url"": ""https://qjoovhagucdcaebgdmbx.supabase.co/storage/v1/object/public/mold-photos/navodky/965_00965_Cover_NTW_PGD.pdf"", ""title"": ""Návodka""}]"
966,51A m.,Škoda,null,Klammer,null,false,null,"[{""url"": ""https://qjoovhagucdcaebgdmbx.supabase.co/storage/v1/object/public/mold-photos/navodky/966_00966_Klammer_ND.pdf"", ""title"": ""Návodka""}]"
795,44A m.,Witte,null,Umlenkhebel GoB L / R,null,false,null,"[{""url"": ""https://qjoovhagucdcaebgdmbx.supabase.co/storage/v1/object/public/mold-photos/navodky/795_Umlenkhebel_GOB_L_R_00795.pdf"", ""title"": ""Návodka""}]"
81,44B m.,Ideal,null,Klammer Haken  SVKL,null,false,null,null
82,44B m.,Ideal,null,Schale Netzhaken  SVKL,null,false,null,null
799,44A m.,Witte,null,Paddle GOB,null,false,null,"[{""url"": ""https://qjoovhagucdcaebgdmbx.supabase.co/storage/v1/object/public/mold-photos/navodky/799_Paddle_GOB_00799.pdf"", ""title"": ""Návodka""}]"
800,44B m.,Witte,null,Bowdenzug Abdeckung,null,false,null,"[{""url"": ""https://qjoovhagucdcaebgdmbx.supabase.co/storage/v1/object/public/mold-photos/navodky/800_Bowdenzug_Abdeckung_00800.pdf"", ""title"": ""Návodka""}]"
803,43B h.,Witte,null,Housing SMC,null,false,null,"[{""url"": ""https://qjoovhagucdcaebgdmbx.supabase.co/storage/v1/object/public/mold-photos/navodky/803_Housing_SMC_00803.pdf"", ""title"": ""Návodka""}]"
804,43A h.,Witte,null,Holder SMC,null,false,null,"[{""url"": ""https://qjoovhagucdcaebgdmbx.supabase.co/storage/v1/object/public/mold-photos/navodky/804_Holder_SMC_00804.pdf"", ""title"": ""Návodka""}]"
805,43C h.,Witte,null,Cap Bottom,null,false,null,"[{""url"": ""https://qjoovhagucdcaebgdmbx.supabase.co/storage/v1/object/public/mold-photos/navodky/805_Cap_Bottom_00805.pdf"", ""title"": ""Návodka""}]"
806,43A h.,Witte,null,Driver,null,false,null,"[{""url"": ""https://qjoovhagucdcaebgdmbx.supabase.co/storage/v1/object/public/mold-photos/navodky/806_Driver_00806.pdf"", ""title"": ""Návodka""}]"
807,36B z.,AFSI,null,Trubka FR4612,null,false,null,"[{""url"": ""https://qjoovhagucdcaebgdmbx.supabase.co/storage/v1/object/public/mold-photos/navodky/807_Trubka_FR_4612_00807.pdf"", ""title"": ""Návodka""}]"
808,43C b.,Witte,null,Housing,null,false,null,"[{""url"": ""https://qjoovhagucdcaebgdmbx.supabase.co/storage/v1/object/public/mold-photos/navodky/808_Housing_00808.pdf"", ""title"": ""Návodka""}]"
809,43A h.,Witte,null,Cover,null,false,null,"[{""url"": ""https://qjoovhagucdcaebgdmbx.supabase.co/storage/v1/object/public/mold-photos/navodky/809_Cover_00809.pdf"", ""title"": ""Návodka""}]"
810,38A m.,Scherdel,null,Ventil malý US,null,false,null,"[{""url"": ""https://qjoovhagucdcaebgdmbx.supabase.co/storage/v1/object/public/mold-photos/navodky/810_Ventil_maly_modry_US_16x_00810.pdf"", ""title"": ""Modrá""}, {""url"": ""https://qjoovhagucdcaebgdmbx.supabase.co/storage/v1/object/public/mold-photos/navodky/810_Ventil_maly_zeleny_US_16x_00810.pdf"", ""title"": ""Zelená""}, {""url"": ""https://qjoovhagucdcaebgdmbx.supabase.co/storage/v1/object/public/mold-photos/navodky/810_Ventil_maly_cerny_US_16x_00810.pdf"", ""title"": ""Černá""}, {""url"": ""https://qjoovhagucdcaebgdmbx.supabase.co/storage/v1/object/public/mold-photos/navodky/810_Ventil_maly_cerveny_US_16x_00810.pdf"", ""title"": ""Červená""}, {""url"": ""https://qjoovhagucdcaebgdmbx.supabase.co/storage/v1/object/public/mold-photos/navodky/810_Ventil_maly_sedy_US_16x_00810.pdf"", ""title"": ""Šedá""}]"
811,44A b.,Witte,null,Screwholder,null,false,null,"[{""url"": ""https://qjoovhagucdcaebgdmbx.supabase.co/storage/v1/object/public/mold-photos/navodky/811_Screwholder_00811.pdf"", ""title"": ""Návodka""}]"
812,44B b.,Witte,null,Stellhebel,null,false,null,"[{""url"": ""https://qjoovhagucdcaebgdmbx.supabase.co/storage/v1/object/public/mold-photos/navodky/812_Stellhebel_00812.pdf"", ""title"": ""Návodka""}]"
813,38C c.,Scherdel,null,Ventil gross-bez skla II,null,false,null,"[{""url"": ""https://qjoovhagucdcaebgdmbx.supabase.co/storage/v1/object/public/mold-photos/navodky/813_Ventil_velky_fialovy_00813.pdf"", ""title"": ""Návodka""}]"
814,44A z.,Others,null,Oil Pan Gitter,null,false,null,"[{""url"": ""https://qjoovhagucdcaebgdmbx.supabase.co/storage/v1/object/public/mold-photos/navodky/814_Oil_Pan_Gitter_00814.pdf"", ""title"": ""Návodka""}]"
815,42C z.,Witte,null,Ford Cover,null,false,null,"[{""url"": ""https://qjoovhagucdcaebgdmbx.supabase.co/storage/v1/object/public/mold-photos/navodky/815_Ford_Cover_00815.pdf"", ""title"": ""Návodka""}]"
816,50C b.,Škoda,null,Krytka,null,false,null,"[{""url"": ""https://qjoovhagucdcaebgdmbx.supabase.co/storage/v1/object/public/mold-photos/navodky/816_00816_Krytka_00816.pdf"", ""title"": ""Návodka""}]"
817,50C b.,Škoda,null,Krytka,null,false,null,"[{""url"": ""https://qjoovhagucdcaebgdmbx.supabase.co/storage/v1/object/public/mold-photos/navodky/817_00817_Krytka_00817.pdf"", ""title"": ""Návodka""}]"
818,50C b.,Škoda,null,Krytka,null,false,null,"[{""url"": ""https://qjoovhagucdcaebgdmbx.supabase.co/storage/v1/object/public/mold-photos/navodky/818_00818_Krytka_00818.pdf"", ""title"": ""Návodka""}]"
819,47C z.,Škoda,null,Krytka,null,false,null,"[{""url"": ""https://qjoovhagucdcaebgdmbx.supabase.co/storage/v1/object/public/mold-photos/navodky/819_00819_Krytka_00819.pdf"", ""title"": ""Návodka""}]"
820,49D m.,Škoda,null,Nosič le/pr,null,false,null,"[{""url"": ""https://qjoovhagucdcaebgdmbx.supabase.co/storage/v1/object/public/mold-photos/navodky/820_00820_Nosic_L_R_00820.pdf"", ""title"": ""Návodka""}]"
821,47C z.,Škoda,null,Ovládací páka le/pr,null,false,null,"[{""url"": ""https://qjoovhagucdcaebgdmbx.supabase.co/storage/v1/object/public/mold-photos/navodky/821_00821_Ovladaci_paka_L_R_00821.pdf"", ""title"": ""Návodka""}]"
822,51A b.,Škoda,null,Clamp 1,null,false,null,"[{""url"": ""https://qjoovhagucdcaebgdmbx.supabase.co/storage/v1/object/public/mold-photos/navodky/822_00822_Clamp_1_00822.pdf"", ""title"": ""Návodka""}]"
960,40C z.,Novares,null,Forma W23818,null,false,null,"[{""url"": ""https://qjoovhagucdcaebgdmbx.supabase.co/storage/v1/object/public/mold-photos/navodky/960_00960_W23818_Bedienknopf_I-TA_vorn.pdf"", ""title"": ""Návodka""}]"
458,40B b.,Novares,null,RAHMEN CHROM,null,false,null,"[{""url"": ""https://qjoovhagucdcaebgdmbx.supabase.co/storage/v1/object/public/mold-photos/navodky/458_Rahmen_natur_chrom_W20461_00458.pdf"", ""title"": ""Návodka""}, {""url"": ""https://qjoovhagucdcaebgdmbx.supabase.co/storage/v1/object/public/mold-photos/navodky/458_Rahmen_schwarz_chrom_W20461_00458.pdf"", ""title"": ""Navodka_alt""}]"
742,47C m.,Škoda,null,Krytka,null,false,null,"[{""url"": ""https://qjoovhagucdcaebgdmbx.supabase.co/storage/v1/object/public/mold-photos/navodky/742_Abdeckkappe_00742.pdf"", ""title"": ""Návodka""}]"
836,49E c.,WEIDPLAS,null,Zusatzteil RL,null,false,null,"[{""url"": ""https://qjoovhagucdcaebgdmbx.supabase.co/storage/v1/object/public/mold-photos/navodky/836_Zusatzteil_RL_00836.pdf"", ""title"": ""Návodka""}]"
823,50C c.,Škoda,null,Clamp 2,null,false,null,"[{""url"": ""https://qjoovhagucdcaebgdmbx.supabase.co/storage/v1/object/public/mold-photos/navodky/823_00823_Clamp_2_00823.pdf"", ""title"": ""Návodka""}]"
824,50B c.,Škoda,null,Cover VD,null,false,null,"[{""url"": ""https://qjoovhagucdcaebgdmbx.supabase.co/storage/v1/object/public/mold-photos/navodky/824_00824_ASSY_Cover_00824.pdf"", ""title"": ""Návodka""}]"
83,45B c.,Ideal,null,Unterlage RDH Škoda B6,null,false,null,null
747,52A c.,Škoda,null,Kryt vnitřní,null,false,null,"[{""url"": ""https://qjoovhagucdcaebgdmbx.supabase.co/storage/v1/object/public/mold-photos/navodky/747_Kryt_vnitrni_elektro_L_R_00747.pdf"", ""title"": ""Návodka""}]"
825,50C c.,Škoda,,Cover PSD,null,false,,"[{""url"": ""https://qjoovhagucdcaebgdmbx.supabase.co/storage/v1/object/public/mold-photos/navodky/825_00825_ASSY_Cover_00825.pdf"", ""title"": ""Návodka""}]"
826,42C z.,Witte,null,Magnetaufnahme,null,false,null,"[{""url"": ""https://qjoovhagucdcaebgdmbx.supabase.co/storage/v1/object/public/mold-photos/navodky/826_00826_Magnetaufnahme.pdf"", ""title"": ""Návodka""}]"
834,44C c.,Witte,null,Key GOB,null,false,null,"[{""url"": ""https://qjoovhagucdcaebgdmbx.supabase.co/storage/v1/object/public/mold-photos/navodky/834_00834_Key_GOB.pdf"", ""title"": ""Návodka""}]"
839,45D č.,Grammer,null,ARRETIERHEBEL F.DV,null,false,null,"[{""url"": ""https://qjoovhagucdcaebgdmbx.supabase.co/storage/v1/object/public/mold-photos/navodky/839_00839_Arretierhebel_F.DV.pdf"", ""title"": ""Návodka""}]"
840,47E z.,Grammer,,Lagerbock,null,false,,"[{""url"": ""https://qjoovhagucdcaebgdmbx.supabase.co/storage/v1/object/public/mold-photos/navodky/840_00840_Lagerbock.pdf"", ""title"": ""Návodka""}]"
845,41A z.,Witte,null,Lever,null,false,null,"[{""url"": ""https://qjoovhagucdcaebgdmbx.supabase.co/storage/v1/object/public/mold-photos/navodky/845_00845_Lever.pdf"", ""title"": ""Návodka""}]"
828,44B z.,Others,null,Service Lid,null,false,null,"[{""url"": ""https://qjoovhagucdcaebgdmbx.supabase.co/storage/v1/object/public/mold-photos/navodky/828_Service_Lid_00828.pdf"", ""title"": ""Návodka""}]"
417,41B b.,Witte,null,POM Buchse,null,false,null,"[{""url"": ""https://qjoovhagucdcaebgdmbx.supabase.co/storage/v1/object/public/mold-photos/navodky/417_POM-Buchse.pdf"", ""title"": ""Návodka 1""}]"
419,41A m.,Witte,null,Puffer hinten,null,false,null,"[{""url"": ""https://qjoovhagucdcaebgdmbx.supabase.co/storage/v1/object/public/mold-photos/navodky/419_Puffer_hinten.pdf"", ""title"": ""Návodka 1""}]"
829,43C h.,Witte,null,Gehause L+R,null,false,null,"[{""url"": ""https://qjoovhagucdcaebgdmbx.supabase.co/storage/v1/object/public/mold-photos/navodky/829_Gehause_L_R_00829.pdf"", ""title"": ""Návodka""}]"
830,41C z.,Witte,null,Abdeckung L+R,null,false,null,"[{""url"": ""https://qjoovhagucdcaebgdmbx.supabase.co/storage/v1/object/public/mold-photos/navodky/830_Abdeckung_L_R_00830.pdf"", ""title"": ""Návodka""}]"
831,41C z.,Witte,null,Dummy Schliesszylinder GOB L+R,null,false,null,"[{""url"": ""https://qjoovhagucdcaebgdmbx.supabase.co/storage/v1/object/public/mold-photos/navodky/831_Dummy_Schliesszylinder_GOB_L_R_00831.pdf"", ""title"": ""Návodka""}]"
832,51D č.,Donaldson,,Handle + Estoutchen,null,false,null,"[{""url"": ""https://qjoovhagucdcaebgdmbx.supabase.co/storage/v1/object/public/mold-photos/navodky/832_00832_Estoutchen.pdf"", ""title"": ""Návodka""}, {""url"": ""https://qjoovhagucdcaebgdmbx.supabase.co/storage/v1/object/public/mold-photos/navodky/832_00832_Handle.pdf"", ""title"": ""Navodka_alt""}]"
833,44A h.,Witte,null,Roller,null,false,null,"[{""url"": ""https://qjoovhagucdcaebgdmbx.supabase.co/storage/v1/object/public/mold-photos/navodky/833_00833_Rolle.pdf"", ""title"": ""Návodka""}]"
835,49D c.,WEIDPLAS,null,Zusatzteil LL,null,false,null,"[{""url"": ""https://qjoovhagucdcaebgdmbx.supabase.co/storage/v1/object/public/mold-photos/navodky/835_Zusatzteil_LL_00835.pdf"", ""title"": ""Návodka""}]"
837,37B m.,Grammer,null,LV-Lever end cap,null,false,null,"[{""url"": ""https://qjoovhagucdcaebgdmbx.supabase.co/storage/v1/object/public/mold-photos/navodky/837_00837_LV-Lever_end_cap.pdf"", ""title"": ""Návodka""}]"
846,43D b.,Witte,null,Cylinder,null,false,null,"[{""url"": ""https://qjoovhagucdcaebgdmbx.supabase.co/storage/v1/object/public/mold-photos/navodky/846_00846_Cylinder.pdf"", ""title"": ""Návodka""}]"
847,45D z.,Others,null,Polsterblende LHD li+re,null,false,null,"[{""url"": ""https://qjoovhagucdcaebgdmbx.supabase.co/storage/v1/object/public/mold-photos/navodky/847_00847_Polsterblende_LHD.pdf"", ""title"": ""Návodka""}]"
961,48A c.,Novares,null,Forma W22514,null,false,null,"[{""url"": ""https://qjoovhagucdcaebgdmbx.supabase.co/storage/v1/object/public/mold-photos/navodky/961_00961_Schwenkhebel_FSL_FSR_BFSL_BFSR.pdf"", ""title"": ""Návodka""}]"
844,39A z.,Rotarex,,EZ-OX,null,false,null,"[{""url"": ""https://qjoovhagucdcaebgdmbx.supabase.co/storage/v1/object/public/mold-photos/navodky/844_00844_Guard_EZOX_assembly_Le_Re_black.pdf"", ""title"": ""Černá""}, {""url"": ""https://qjoovhagucdcaebgdmbx.supabase.co/storage/v1/object/public/mold-photos/navodky/844_00844_Guard_EZOX_assembly_Le_Re_blau.pdf"", ""title"": ""Modrá""}, {""url"": ""https://qjoovhagucdcaebgdmbx.supabase.co/storage/v1/object/public/mold-photos/navodky/844_00844_Guard_EZOX_assembly_Le_Re_green.pdf"", ""title"": ""Zelená""}, {""url"": ""https://qjoovhagucdcaebgdmbx.supabase.co/storage/v1/object/public/mold-photos/navodky/844_00844_Guard_EZOX_assembly_Le_Re_white.pdf"", ""title"": ""Bílá""}]"
975,Mezisklad,Škoda,null,Steckdeckel,null,false,null,"[{""url"": ""https://qjoovhagucdcaebgdmbx.supabase.co/storage/v1/object/public/mold-photos/navodky/975_00975_Steckdeckel_764_.pdf"", ""title"": ""Návodka""}]"
526,39C c.,Novares,null,"Kamm hinten I-Ta Li,Re",null,false,null,null
748,49B m.,Škoda,null,Miska držadla 1tl. zadní,null,false,null,"[{""url"": ""https://qjoovhagucdcaebgdmbx.supabase.co/storage/v1/object/public/mold-photos/navodky/748_Miska_drzadla_zadni_L_R_00748.pdf"", ""title"": ""Návodka""}]"
749,49B m.,Škoda,null,Krytka zadní,null,false,null,"[{""url"": ""https://qjoovhagucdcaebgdmbx.supabase.co/storage/v1/object/public/mold-photos/navodky/749_Krytka_zadni_L_R_00749.pdf"", ""title"": ""Návodka""}]"
750,51G c.,Škoda,null,Miska držadla 2tl. LL,null,false,null,"[{""url"": ""https://qjoovhagucdcaebgdmbx.supabase.co/storage/v1/object/public/mold-photos/navodky/750_Miska_2tl._LL_00750.pdf"", ""title"": ""Návodka""}]"
752,52B z.,Škoda,null,Miska držadla 4tl. LL,null,false,null,"[{""url"": ""https://qjoovhagucdcaebgdmbx.supabase.co/storage/v1/object/public/mold-photos/navodky/752_Miska_4tl._LL_00752.pdf"", ""title"": ""Návodka""}]"
753,52C z.,Škoda,,Miska držadla 1tl. LL,null,false,null,"[{""url"": ""https://qjoovhagucdcaebgdmbx.supabase.co/storage/v1/object/public/mold-photos/navodky/753_Miska_1tl._LL_00753.pdf"", ""title"": ""Návodka""}]"
976,Mezisklad,Škoda,null,Steckdeckel,null,false,null,"[{""url"": ""https://qjoovhagucdcaebgdmbx.supabase.co/storage/v1/object/public/mold-photos/navodky/976_00976_Steckdeckel_765_.pdf"", ""title"": ""Návodka""}]"
974,47G z.,Škoda,,Steckdeckel,null,false,,"[{""url"": ""https://qjoovhagucdcaebgdmbx.supabase.co/storage/v1/object/public/mold-photos/navodky/974_00974_Steckdeckel_536_.pdf"", ""title"": ""Návodka""}]"
30,Mezisklad,Witte,null,Austellhebel,,false,null,"[{""url"":""https://qjoovhagucdcaebgdmbx.supabase.co/storage/v1/object/public/mold-photos/navodky/30_00030_Austellhebel_L_R.pdf"",""title"":""Návodka""}]"
647,48A z.,Škoda,null,2tlačítko RL,null,false,null,"[{""url"": ""https://qjoovhagucdcaebgdmbx.supabase.co/storage/v1/object/public/mold-photos/navodky/647_00647_Miska_2tl._RL_00647.pdf"", ""title"": ""Návodka""}]"
648,49A m.,Škoda,null,4tlačítko LL,null,false,null,"[{""url"": ""https://qjoovhagucdcaebgdmbx.supabase.co/storage/v1/object/public/mold-photos/navodky/648_00648_Miska_4tl._00648.pdf"", ""title"": ""Návodka""}, {""url"": ""https://qjoovhagucdcaebgdmbx.supabase.co/storage/v1/object/public/mold-photos/navodky/648_Miska_4tl._00648.pdf"", ""title"": ""Navodka_alt""}]"
649,49C h.,Škoda,null,4tlačítko RL,null,false,null,"[{""url"": ""https://qjoovhagucdcaebgdmbx.supabase.co/storage/v1/object/public/mold-photos/navodky/649_00649_Miska_4tl._RL_00649.pdf"", ""title"": ""Návodka""}]"
651,48C m.,Škoda,,1tlačítko RL,null,false,null,"[{""url"": ""https://qjoovhagucdcaebgdmbx.supabase.co/storage/v1/object/public/mold-photos/navodky/651_00651_Miska_1tl._RL_00651.pdf"", ""title"": ""Návodka""}]"
755,50A z.,Škoda,null,Miska držadla 2tl-joystick RL,null,false,null,"[{""url"": ""https://qjoovhagucdcaebgdmbx.supabase.co/storage/v1/object/public/mold-photos/navodky/755_Miska_2tl._RL_joystick_00755.pdf"", ""title"": ""Návodka""}]"
757,50B z.,Škoda,null,Miska držadla 1tl. RL,null,false,null,"[{""url"": ""https://qjoovhagucdcaebgdmbx.supabase.co/storage/v1/object/public/mold-photos/navodky/757_Miska_1tl._RL_00757.pdf"", ""title"": ""Návodka""}]"
758,44B m.,Others,null,Auflage Hutablage,null,false,null,"[{""url"": ""https://qjoovhagucdcaebgdmbx.supabase.co/storage/v1/object/public/mold-photos/navodky/758_Auflage_Hutablage_00758.pdf"", ""title"": ""Návodka""}]"
751,52C z.,Škoda,,Miska držadla 2tl-joystick LL,null,false,,"[{""url"": ""https://qjoovhagucdcaebgdmbx.supabase.co/storage/v1/object/public/mold-photos/navodky/751_Miska_2tl._LL_joystick_00751.pdf"", ""title"": ""Návodka""}]"
28,36B z.,Novares,null,Deckel F39,null,false,null,"[{""url"": ""https://qjoovhagucdcaebgdmbx.supabase.co/storage/v1/object/public/mold-photos/navodky/28_Deckel_F39_00028.pdf"", ""title"": ""Návodka 1""}]"
383,41A m.,Witte,null,Housing LED Lamp,null,false,null,"[{""url"": ""https://qjoovhagucdcaebgdmbx.supabase.co/storage/v1/object/public/mold-photos/navodky/383_Housing_LED_lamp.pdf"", ""title"": ""Návodka 1""}]"
389,50B m.,Škoda,null,Ventil__horni dil,null,false,null,"[{""url"": ""https://qjoovhagucdcaebgdmbx.supabase.co/storage/v1/object/public/mold-photos/navodky/389_ZBS_Ventil-horni_dil.pdf"", ""title"": ""Návodka 1""}]"
391,42C c.,Witte,null,Indikátor,null,false,null,"[{""url"": ""https://qjoovhagucdcaebgdmbx.supabase.co/storage/v1/object/public/mold-photos/navodky/391_Indikator_pro_BG_komplet.pdf"", ""title"": ""Návodka 1""}]"
392,41B c.,Witte,null,Indikator Kappe,null,false,null,"[{""url"": ""https://qjoovhagucdcaebgdmbx.supabase.co/storage/v1/object/public/mold-photos/navodky/392_Indikator_kappe_pro_BG_komplet.pdf"", ""title"": ""Návodka 1""}]"
400,41C c.,Witte,null,Halter,null,false,null,"[{""url"": ""https://qjoovhagucdcaebgdmbx.supabase.co/storage/v1/object/public/mold-photos/navodky/400_Halter.pdf"", ""title"": ""Návodka 1""}]"
401,42B h.,Witte,null,Herzkurve/Achse/Buchse,null,false,null,"[{""url"": ""https://qjoovhagucdcaebgdmbx.supabase.co/storage/v1/object/public/mold-photos/navodky/401_Herzkurve_Achse-1_Lagerbuchse.pdf"", ""title"": ""Návodka 1""}]"
402,48B b.,Škoda,null,Odpadkový koš - Víko,null,false,null,"[{""url"": ""https://qjoovhagucdcaebgdmbx.supabase.co/storage/v1/object/public/mold-photos/navodky/402_Odpadkovy_kos_-_Viko_-_Satinschwarz.pdf"", ""title"": ""Návodka 1""}]"
406,41C h.,Witte,null,Indikator kappe,null,false,null,"[{""url"": ""https://qjoovhagucdcaebgdmbx.supabase.co/storage/v1/object/public/mold-photos/navodky/406_Indikator_kappe_01060187184.pdf"", ""title"": ""Návodka 1""}]"
41,52B c.,Škoda,null,Klammer VD,null,false,null,"[{""url"": ""https://qjoovhagucdcaebgdmbx.supabase.co/storage/v1/object/public/mold-photos/navodky/41_00041_Klammer_VD_00041.pdf"", ""title"": ""Návodka""}]"
412,41B c.,Witte,null,Hebel 2,null,false,null,"[{""url"": ""https://qjoovhagucdcaebgdmbx.supabase.co/storage/v1/object/public/mold-photos/navodky/412_HEBEL_2.pdf"", ""title"": ""Návodka 1""}]"
418,43C m.,Witte,null,Hebel f.Schliesszylinder,null,false,null,"[{""url"": ""https://qjoovhagucdcaebgdmbx.supabase.co/storage/v1/object/public/mold-photos/navodky/418_HEBEL_fur_Schliesszylinder.pdf"", ""title"": ""Návodka 1""}]"
422,44C b.,Others,null,Rubstrip 247 514-3/7,null,false,null,"[{""url"": ""https://qjoovhagucdcaebgdmbx.supabase.co/storage/v1/object/public/mold-photos/navodky/422_Rubstrip_end_cape_247_514_-_7.pdf"", ""title"": ""Návodka""}, {""url"": ""https://qjoovhagucdcaebgdmbx.supabase.co/storage/v1/object/public/mold-photos/navodky/422_Rubstrip_end_cape_247_514_-3.pdf"", ""title"": ""Navodka_alt""}]"
429,41A h.,Witte,null,Cargobügel Kunststoffhülse li/re,null,false,null,"[{""url"": ""https://qjoovhagucdcaebgdmbx.supabase.co/storage/v1/object/public/mold-photos/navodky/429_Cargobugel_Kunststoffhulse_Li_Re.pdf"", ""title"": ""Návodka 1""}]"
459,40B z.,Novares,null,GEHÄUSE SCHMINKSP ROHTEIL,null,false,null,"[{""url"": ""https://qjoovhagucdcaebgdmbx.supabase.co/storage/v1/object/public/mold-photos/navodky/459_Geause_Schminksp_Rohteil_Natur_W20421_00459.pdf"", ""title"": ""Návodka""}, {""url"": ""https://qjoovhagucdcaebgdmbx.supabase.co/storage/v1/object/public/mold-photos/navodky/459_Geause_Schminksp_Rohteil_Schwarz_W20421_00459.pdf"", ""title"": ""Navodka_alt""}]"
671,42C b.,Witte,null,Hebel cylinder,null,false,null,"[{""url"": ""https://qjoovhagucdcaebgdmbx.supabase.co/storage/v1/object/public/mold-photos/navodky/671_Hebel_Zylinder_00671.pdf"", ""title"": ""Návodka""}]"
725,43C c.,Witte,null,Kappe,null,false,null,"[{""url"": ""https://qjoovhagucdcaebgdmbx.supabase.co/storage/v1/object/public/mold-photos/navodky/725_Kappe_01072360014_01072361014_00725.pdf"", ""title"": ""Návodka""}]"
1000,36C c.,Witte,null,Washer Front L+R,null,false,,"[{""url"": ""https://qjoovhagucdcaebgdmbx.supabase.co/storage/v1/object/public/mold-photos/navodky/1000_01000_Washer_Front_L_R.pdf"", ""title"": ""Návodka""}]"
493,40A z.,Novares,null,Blende Klimahimmel MY17,null,false,null,"[{""url"": ""https://qjoovhagucdcaebgdmbx.supabase.co/storage/v1/object/public/mold-photos/navodky/493_00493_Blende_Klimahimmel_MY17_W26844.pdf"", ""title"": ""Návodka""}]"
494,40B z.,Novares,null,Blende/Drehring,null,false,null,"[{""url"": ""https://qjoovhagucdcaebgdmbx.supabase.co/storage/v1/object/public/mold-photos/navodky/494_00494_Blende_Drehring_W3979.pdf"", ""title"": ""Návodka""}]"
524,37B h.,Scherdel,null,Ventil malý 16 nás.,null,false,null,"[{""url"": ""https://qjoovhagucdcaebgdmbx.supabase.co/storage/v1/object/public/mold-photos/navodky/524_Ventil_maly_fialovy.pdf"", ""title"": ""Návodka 1""}, {""url"": ""https://qjoovhagucdcaebgdmbx.supabase.co/storage/v1/object/public/mold-photos/navodky/524_Ventil_maly_tyrkysovy.pdf"", ""title"": ""Návodka 2""}]"
570,42C c.,Witte,null,Lever II,null,false,null,"[{""url"": ""https://qjoovhagucdcaebgdmbx.supabase.co/storage/v1/object/public/mold-photos/navodky/570_Lever_II_01041309055.pdf"", ""title"": ""Návodka 1""}]"
592,48A b.,Škoda,null,Spinac AHK-7Sitz,null,false,null,"[{""url"": ""https://qjoovhagucdcaebgdmbx.supabase.co/storage/v1/object/public/mold-photos/navodky/592_Spinac_AHK_7_sitz.pdf"", ""title"": ""Návodka 1""}]"
593,48A b.,Škoda,null,Spinac AHK-5Sitz,null,false,null,"[{""url"": ""https://qjoovhagucdcaebgdmbx.supabase.co/storage/v1/object/public/mold-photos/navodky/593_Spinac_AHK_5_sitz.pdf"", ""title"": ""Návodka 1""}]"
598,38A b.,Scherdel,null,Ventil klein US,null,false,null,"[{""url"": ""https://qjoovhagucdcaebgdmbx.supabase.co/storage/v1/object/public/mold-photos/navodky/598_Ventil_maly_modry_US_215_047.pdf"", ""title"": ""Návodka 1""}, {""url"": ""https://qjoovhagucdcaebgdmbx.supabase.co/storage/v1/object/public/mold-photos/navodky/598_Ventil_maly_zeleny_US_215_047.pdf"", ""title"": ""Návodka 2""}, {""url"": ""https://qjoovhagucdcaebgdmbx.supabase.co/storage/v1/object/public/mold-photos/navodky/598_Ventil_maly_cerny_US_215_047.pdf"", ""title"": ""Návodka 3""}, {""url"": ""https://qjoovhagucdcaebgdmbx.supabase.co/storage/v1/object/public/mold-photos/navodky/598_Ventil_maly_cerveny_US_215_047.pdf"", ""title"": ""Návodka 4""}, {""url"": ""https://qjoovhagucdcaebgdmbx.supabase.co/storage/v1/object/public/mold-photos/navodky/598_Ventil_maly_sedy_US_215_047.pdf"", ""title"": ""Návodka 5""}]"
599,51E b.,Mubea,null,Spring Isolator AD0010,null,false,null,"[{""url"": ""https://qjoovhagucdcaebgdmbx.supabase.co/storage/v1/object/public/mold-photos/navodky/599_Spring_Isolator_AD0020_Renault_00599.pdf"", ""title"": ""Návodka 1""}]"
603,41A b.,Witte,null,Lampengehäuse II,null,false,null,"[{""url"": ""https://qjoovhagucdcaebgdmbx.supabase.co/storage/v1/object/public/mold-photos/navodky/603_Lampengehause_PCABS_novy_nastroj.pdf"", ""title"": ""Návodka 1""}]"
604,41C m.,Witte,null,Drehfalle II,null,false,null,"[{""url"": ""https://qjoovhagucdcaebgdmbx.supabase.co/storage/v1/object/public/mold-photos/navodky/604_Drehfalle_II_R_L.pdf"", ""title"": ""Návodka 1""}]"
606,48C c.,Škoda,null,Krytka tyče upevňovací,null,false,null,"[{""url"": ""https://qjoovhagucdcaebgdmbx.supabase.co/storage/v1/object/public/mold-photos/navodky/606_Kryt_tyce_upevnovaci_LR_00606.pdf"", ""title"": ""Návodka""}, {""url"": ""https://qjoovhagucdcaebgdmbx.supabase.co/storage/v1/object/public/mold-photos/navodky/606_Kryt_tyce_upevnovaci_L_-_R_00606.pdf"", ""title"": ""Navodka_alt""}]"
616,47C h.,Škoda,null,Záslepka krytka Isofix VARIO,null,false,null,"[{""url"": ""https://qjoovhagucdcaebgdmbx.supabase.co/storage/v1/object/public/mold-photos/navodky/616_Zaslepka_isofix_00616.pdf"", ""title"": ""Návodka""}]"
636,38B m.,Scherdel,null,Ventil malý 16 nás. II,null,false,null,"[{""url"": ""https://qjoovhagucdcaebgdmbx.supabase.co/storage/v1/object/public/mold-photos/navodky/636_24.1.20_Ventil_maly_sedy_16x_vakuum_mat._PPA.pdf"", ""title"": ""Návodka 1""}, {""url"": ""https://qjoovhagucdcaebgdmbx.supabase.co/storage/v1/object/public/mold-photos/navodky/636_Ventil_maly_modry_16x_vakuum.pdf"", ""title"": ""Návodka 2""}, {""url"": ""https://qjoovhagucdcaebgdmbx.supabase.co/storage/v1/object/public/mold-photos/navodky/636_Ventil_maly_oranzovy_16x_vakuum.pdf"", ""title"": ""Návodka 3""}, {""url"": ""https://qjoovhagucdcaebgdmbx.supabase.co/storage/v1/object/public/mold-photos/navodky/636_Ventil_maly_tyrkysovy_16x_vakuum.pdf"", ""title"": ""Návodka 4""}, {""url"": ""https://qjoovhagucdcaebgdmbx.supabase.co/storage/v1/object/public/mold-photos/navodky/636_Ventil_maly_zeleny_16x_vakuum.pdf"", ""title"": ""Návodka 5""}, {""url"": ""https://qjoovhagucdcaebgdmbx.supabase.co/storage/v1/object/public/mold-photos/navodky/636_Ventil_maly_cerny_16x_vakuum.pdf"", ""title"": ""Návodka 6""}, {""url"": ""https://qjoovhagucdcaebgdmbx.supabase.co/storage/v1/object/public/mold-photos/navodky/636_Ventil_maly_cerveny_16x_vakuum.pdf"", ""title"": ""Návodka 7""}, {""url"": ""https://qjoovhagucdcaebgdmbx.supabase.co/storage/v1/object/public/mold-photos/navodky/636_Ventil_maly_sedy_16x_vakuum.pdf"", ""title"": ""Návodka 8""}, {""url"": ""https://qjoovhagucdcaebgdmbx.supabase.co/storage/v1/object/public/mold-photos/navodky/636_Ventil_maly_zluty_16x_vakuum.pdf"", ""title"": ""Návodka 9""}]"
655,49C m.,Škoda,null,Krytka zadní levá+pravá,null,false,null,"[{""url"": ""https://qjoovhagucdcaebgdmbx.supabase.co/storage/v1/object/public/mold-photos/navodky/655_00655_Krytka_drzadla_zadni_L_R_00655.pdf"", ""title"": ""Návodka""}, {""url"": ""https://qjoovhagucdcaebgdmbx.supabase.co/storage/v1/object/public/mold-photos/navodky/655_Krytka_drzadla_zadni_L_R_00655.pdf"", ""title"": ""Navodka_alt""}]"
1007,43D z.,Novares,null,Housing LHD,null,false,null,null
664,47C m.,Škoda,null,Krytka levá + pravá,null,false,null,"[{""url"": ""https://qjoovhagucdcaebgdmbx.supabase.co/storage/v1/object/public/mold-photos/navodky/664_Koncovka_-_krytka_L_R_00664.pdf"", ""title"": ""Návodka""}, {""url"": ""https://qjoovhagucdcaebgdmbx.supabase.co/storage/v1/object/public/mold-photos/navodky/664_Koncovka_-_krytka_L_R_00664_1420.pdf"", ""title"": ""Navodka_alt""}, {""url"": ""https://qjoovhagucdcaebgdmbx.supabase.co/storage/v1/object/public/mold-photos/navodky/664_Koncovka_-_krytka_L_R_00664_1526.pdf"", ""title"": ""Návodka 3""}]"
40,49E m.,Škoda,null,Cover PSD,null,false,null,"[{""url"": ""https://qjoovhagucdcaebgdmbx.supabase.co/storage/v1/object/public/mold-photos/navodky/40_00040_Cover_PSD_00040.pdf"", ""title"": ""Návodka""}]"
1006,48A h.,Škoda,null,Clip,null,false,null,"[{""url"": ""https://qjoovhagucdcaebgdmbx.supabase.co/storage/v1/object/public/mold-photos/navodky/1006_01006_Clip.pdf"", ""title"": ""Návodka""}]"
1008,43D z.,Grammer,null,Matte RL,null,false,null,"[{""url"": ""https://qjoovhagucdcaebgdmbx.supabase.co/storage/v1/object/public/mold-photos/navodky/1008_01008_Matte_RL.pdf"", ""title"": ""Návodka""}]"
1011,45E m.,Grammer,null,Panel f. Screw NA5CCO,null,false,null,"[{""url"": ""https://qjoovhagucdcaebgdmbx.supabase.co/storage/v1/object/public/mold-photos/navodky/1011_01011_Panel_f._Screw.pdf"", ""title"": ""Návodka""}]"
1013,36A m.,Witte,null,Cover Striker,null,false,null,"[{""url"": ""https://qjoovhagucdcaebgdmbx.supabase.co/storage/v1/object/public/mold-photos/navodky/1013_01013_Cover_Striker.pdf"", ""title"": ""Návodka""}]"
1014,36B m.,Witte,null,Sperrklinke GOB,null,false,null,"[{""url"": ""https://qjoovhagucdcaebgdmbx.supabase.co/storage/v1/object/public/mold-photos/navodky/1014_01014_Sperrklinke_GOB.pdf"", ""title"": ""Návodka""}]"
33,41C z.,Witte,null,Haltering,null,false,null,"[{""url"": ""https://qjoovhagucdcaebgdmbx.supabase.co/storage/v1/object/public/mold-photos/navodky/33_Haltering_00033.pdf"", ""title"": ""Návodka""}]"
397,40A b.,Novares,null,ZT IT FS Mitte LL Blende,null,false,null,"[{""url"": ""https://qjoovhagucdcaebgdmbx.supabase.co/storage/v1/object/public/mold-photos/navodky/397_ZT_IT_FS_Mitte_LL_Blende_W26903_00397.pdf"", ""title"": ""Návodka""}]"
208,44C h.,Others,null,Retention Clip+Pin Bentley,null,false,null,null
80,45B m.,Ideal,null,AB2 Cab. Rastnocken  Links  1+2 / Rechts  3+4  HK,null,false,null,null
126,37C h.,Scherdel,null,Ventil - Gross,null,false,null,"[{""url"": ""https://qjoovhagucdcaebgdmbx.supabase.co/storage/v1/object/public/mold-photos/navodky/126_Ventil_fialovy_beze_skla_forma_00126.pdf"", ""title"": ""Návodka""}]"
35,Mezisklad,Witte,null,Ubertragungshebel,null,false,null,"[{""url"": ""https://qjoovhagucdcaebgdmbx.supabase.co/storage/v1/object/public/mold-photos/navodky/35_00035_Uebertragungshebel_L_R.pdf"", ""title"": ""Návodka""}]"
384,40B b.,Novares,null,ZT IT FS Mitte RL Blende,null,false,null,"[{""url"": ""https://qjoovhagucdcaebgdmbx.supabase.co/storage/v1/object/public/mold-photos/navodky/384_ZT_IT_FS_Mitte_RL_Blende_W26908_00384.pdf"", ""title"": ""Návodka""}]"
39,49E m.,Škoda,null,Cover VD,null,false,null,"[{""url"": ""https://qjoovhagucdcaebgdmbx.supabase.co/storage/v1/object/public/mold-photos/navodky/39_00039_Cover_VD_00039.pdf"", ""title"": ""Návodka""}]"
1004,49E b.,VW,null,Aufnahme UIF Sensor,null,false,null,"[{""url"": ""https://qjoovhagucdcaebgdmbx.supabase.co/storage/v1/object/public/mold-photos/navodky/1004_01004_Aufnahme_UIF_Senzor.pdf"", ""title"": ""Návodka""}]"
1012,36A m.,Witte,null,Cover,null,false,null,"[{""url"": ""https://qjoovhagucdcaebgdmbx.supabase.co/storage/v1/object/public/mold-photos/navodky/1012_01012_Cover.pdf"", ""title"": ""Návodka""}]"
1017,51B c.,Škoda,,1tlačítko zadní levé+pravé,null,false,null,null
143,41C h.,Witte,null,Záslepka E/F/G/H,null,false,null,null
453,40A b.,Novares,null,ZT IT FS Aussen LL Blende,null,false,null,"[{""url"": ""https://qjoovhagucdcaebgdmbx.supabase.co/storage/v1/object/public/mold-photos/navodky/453_ZT_IT_FS_Aussen_LL_Blende_W26902_00453.pdf"", ""title"": ""Návodka""}]"
454,40A h.,Novares,null,DREHACHSE SCHMINKSP,null,false,null,"[{""url"": ""https://qjoovhagucdcaebgdmbx.supabase.co/storage/v1/object/public/mold-photos/navodky/454_Drehachse_Schminksp_W20426_00454.pdf"", ""title"": ""Návodka""}]"
455,40A h.,Novares,null,SCHIEBER SCHWARZ,null,false,null,"[{""url"": ""https://qjoovhagucdcaebgdmbx.supabase.co/storage/v1/object/public/mold-photos/navodky/455_Schieber_Natur_W20425_00455.pdf"", ""title"": ""Návodka""}, {""url"": ""https://qjoovhagucdcaebgdmbx.supabase.co/storage/v1/object/public/mold-photos/navodky/455_Schieber_Schwarz_W20425_00455.pdf"", ""title"": ""Navodka_alt""}]"
456,40A h.,Novares,null,"REIBELEMENT, SPANNHÜLSE",null,false,null,"[{""url"": ""https://qjoovhagucdcaebgdmbx.supabase.co/storage/v1/object/public/mold-photos/navodky/456_Reibelement_Spannhulse_W20428_00456.pdf"", ""title"": ""Návodka""}]"
457,40B z.,Novares,null,DECKEL CHROM,null,false,null,"[{""url"": ""https://qjoovhagucdcaebgdmbx.supabase.co/storage/v1/object/public/mold-photos/navodky/457_Deckel_natur_Chrom_W20460_00457.pdf"", ""title"": ""Návodka""}, {""url"": ""https://qjoovhagucdcaebgdmbx.supabase.co/storage/v1/object/public/mold-photos/navodky/457_Deckel_Schwarz_Chrom_W20460_00457.pdf"", ""title"": ""Navodka_alt""}]"
727,42B m.,Witte,null,Páka cylindru,null,false,null,"[{""url"": ""https://qjoovhagucdcaebgdmbx.supabase.co/storage/v1/object/public/mold-photos/navodky/727_Paka_cylindru_00727.pdf"", ""title"": ""Návodka""}]"
851,44B z.,Grammer,null,Cable Cover RS / LS,null,false,null,"[{""url"": ""https://qjoovhagucdcaebgdmbx.supabase.co/storage/v1/object/public/mold-photos/navodky/851_00851_Cable_Cover_RS_LS.pdf"", ""title"": ""Návodka""}]"
853,36C c.,Novares,null,Foot finisher LHD,null,false,null,"[{""url"": ""https://qjoovhagucdcaebgdmbx.supabase.co/storage/v1/object/public/mold-photos/navodky/853_00853_Foot_Finisher_LHD.pdf"", ""title"": ""Návodka""}]"
854,45E z.,Others,,Polsterblende RHD li+re,null,false,null,"[{""url"": ""https://qjoovhagucdcaebgdmbx.supabase.co/storage/v1/object/public/mold-photos/navodky/854_00854_Polsterblende_RHD.pdf"", ""title"": ""Návodka""}]"
857,41C c.,Witte,null,Haltering,null,false,null,"[{""url"": ""https://qjoovhagucdcaebgdmbx.supabase.co/storage/v1/object/public/mold-photos/navodky/857_00857_Haltering_-_Witol_411.pdf"", ""title"": ""Návodka""}]"
858,39A m.,Novares,null,Bedienknopf ML/MR,null,false,null,"[{""url"": ""https://qjoovhagucdcaebgdmbx.supabase.co/storage/v1/object/public/mold-photos/navodky/858_00858_Bedienknopf_ML_MR.pdf"", ""title"": ""Návodka""}]"
859,39A m.,Novares,null,Rear Quarter panel cover L / R,null,false,null,"[{""url"": ""https://qjoovhagucdcaebgdmbx.supabase.co/storage/v1/object/public/mold-photos/navodky/859_00859_Rear_Quarter_panel_cover_L_R.pdf"", ""title"": ""Návodka""}]"
860,45E č.,Grammer,null,Panel LP F.inlock,null,false,null,"[{""url"": ""https://qjoovhagucdcaebgdmbx.supabase.co/storage/v1/object/public/mold-photos/navodky/860_00860_Panel_LP_F._inlock.pdf"", ""title"": ""Návodka""}]"
662,47C m.,Škoda,null,Klapka,null,false,null,"[{""url"": ""https://qjoovhagucdcaebgdmbx.supabase.co/storage/v1/object/public/mold-photos/navodky/662_Housing_-_Klapka_00662.pdf"", ""title"": ""Návodka""}, {""url"": ""https://qjoovhagucdcaebgdmbx.supabase.co/storage/v1/object/public/mold-photos/navodky/662_Housing_Klapka_00662.pdf"", ""title"": ""Navodka_alt""}]"
728,42A b.,Witte,null,Západka,null,false,null,"[{""url"": ""https://qjoovhagucdcaebgdmbx.supabase.co/storage/v1/object/public/mold-photos/navodky/728_Zapadka_Li_00728.pdf"", ""title"": ""Návodka""}]"
729,42A b.,Witte,null,Západka,null,false,null,"[{""url"": ""https://qjoovhagucdcaebgdmbx.supabase.co/storage/v1/object/public/mold-photos/navodky/729_Zapadka_Re_00729.pdf"", ""title"": ""Návodka""}]"
730,43A m.,Witte,null,BMW Softouch Lever,null,false,null,"[{""url"": ""https://qjoovhagucdcaebgdmbx.supabase.co/storage/v1/object/public/mold-photos/navodky/730_BMW_Softouch_Lever_00730.pdf"", ""title"": ""Návodka""}]"
732,43A z.,Witte,null,Abdeckung LH + RH,null,false,null,"[{""url"": ""https://qjoovhagucdcaebgdmbx.supabase.co/storage/v1/object/public/mold-photos/navodky/732_00732_Abdeckung_LH_RH.pdf"", ""title"": ""Návodka""}]"
734,43B z.,Witte,null,Cover L,null,false,null,"[{""url"": ""https://qjoovhagucdcaebgdmbx.supabase.co/storage/v1/object/public/mold-photos/navodky/734_Cover_L_00734.pdf"", ""title"": ""Návodka""}]"
769,38A c.,Scherdel,null,Ventil Mini 32x (gen IV),null,false,null,"[{""url"": ""https://qjoovhagucdcaebgdmbx.supabase.co/storage/v1/object/public/mold-photos/navodky/769_Ventil_mini_32x_vakuum_00769.pdf"", ""title"": ""Návodka""}]"
848,37A m.,Others,null,Klín 225-12/14,null,false,null,"[{""url"": ""https://qjoovhagucdcaebgdmbx.supabase.co/storage/v1/object/public/mold-photos/navodky/848_00848_Klin_12_mm.pdf"", ""title"": ""Návodka""}, {""url"": ""https://qjoovhagucdcaebgdmbx.supabase.co/storage/v1/object/public/mold-photos/navodky/848_00848_Klin_14_mm.pdf"", ""title"": ""Navodka_alt""}]"
849,41C m.,Witte,null,Sperrklinke GOB L+R,null,false,null,"[{""url"": ""https://qjoovhagucdcaebgdmbx.supabase.co/storage/v1/object/public/mold-photos/navodky/849_00849_Sperrklinke_GOB_L_R.pdf"", ""title"": ""Návodka""}]"
850,44A č.,Witte,null,Duckbill EPDM Valve,null,false,null,"[{""url"": ""https://qjoovhagucdcaebgdmbx.supabase.co/storage/v1/object/public/mold-photos/navodky/850_00850_Duckbill_EPDM_Valve.pdf"", ""title"": ""Návodka""}]"
862,39C z.,Novares,null,Warndreieck L/R,null,false,null,"[{""url"": ""https://qjoovhagucdcaebgdmbx.supabase.co/storage/v1/object/public/mold-photos/navodky/862_00862_Warndreieck_L_R_W49747.pdf"", ""title"": ""Návodka""}]"
864,43D m.,Witte,null,Buchse,null,false,,"[{""url"": ""https://qjoovhagucdcaebgdmbx.supabase.co/storage/v1/object/public/mold-photos/navodky/864_00864_Buchse.pdf"", ""title"": ""Návodka""}]"
967,51A m.,Škoda,null,Klammer PGD,null,false,null,"[{""url"": ""https://qjoovhagucdcaebgdmbx.supabase.co/storage/v1/object/public/mold-photos/navodky/967_00967_Klammer_PGD.pdf"", ""title"": ""Návodka""}]"
968,43B m.,Witte,null,Anlenkhebel RK GOB,null,false,null,"[{""url"": ""https://qjoovhagucdcaebgdmbx.supabase.co/storage/v1/object/public/mold-photos/navodky/968_00968_Anlenkhebel_RK_GOB.pdf"", ""title"": ""Návodka""}]"
969,49D z.,Škoda,null,Klappe,null,false,null,"[{""url"": ""https://qjoovhagucdcaebgdmbx.supabase.co/storage/v1/object/public/mold-photos/navodky/969_00969_Klappe_540_.pdf"", ""title"": ""Návodka""}]"
983,36B b.,Witte,null,Exzenter RWK,null,false,null,null
992,36B b.,Witte,null,Zachytný hák GOB,null,false,null,null
972,Mezisklad,Škoda,null,Steckdeckel,null,false,null,"[{""url"": ""https://qjoovhagucdcaebgdmbx.supabase.co/storage/v1/object/public/mold-photos/navodky/972_00972_Steckdeckel_541_.pdf"", ""title"": ""Návodka""}]"
973,Mezisklad,Škoda,null,Steckdeckel,null,false,null,"[{""url"": ""https://qjoovhagucdcaebgdmbx.supabase.co/storage/v1/object/public/mold-photos/navodky/973_00973_Steckdeckel_542_.pdf"", ""title"": ""Návodka""}]"
979,43E h.,Witte,null,Einstellhuelse,null,false,null,"[{""url"": ""https://qjoovhagucdcaebgdmbx.supabase.co/storage/v1/object/public/mold-photos/navodky/979_00979_Einstellhuelse.pdf"", ""title"": ""Návodka""}]"
981,36A c.,Witte,null,Deckel,null,false,null,"[{""url"": ""https://qjoovhagucdcaebgdmbx.supabase.co/storage/v1/object/public/mold-photos/navodky/981_00981_Deckel.pdf"", ""title"": ""Návodka""}]"
970,Mezisklad,Škoda,null,Steckdeckel,null,false,null,"[{""url"": ""https://qjoovhagucdcaebgdmbx.supabase.co/storage/v1/object/public/mold-photos/navodky/970_00970_Steckdeckel_538_.pdf"", ""title"": ""Návodka""}]"
971,Mezisklad,Škoda,null,Steckdeckel,null,false,null,"[{""url"": ""https://qjoovhagucdcaebgdmbx.supabase.co/storage/v1/object/public/mold-photos/navodky/971_00971_Steckdeckel_539_.pdf"", ""title"": ""Návodka""}]"
977,36A c.,Witte,null,Schluesselgehaeuse GOB,null,false,null,"[{""url"": ""https://qjoovhagucdcaebgdmbx.supabase.co/storage/v1/object/public/mold-photos/navodky/977_00977_Schluesselgehaeuse_GOB_Brasil_.pdf"", ""title"": ""Návodka""}, {""url"": ""https://qjoovhagucdcaebgdmbx.supabase.co/storage/v1/object/public/mold-photos/navodky/977_00977_Schluesselgehaeuse_GOB.pdf"", ""title"": ""Navodka_alt""}]"
978,36A c.,Witte,null,Gleitschuh,null,false,null,"[{""url"": ""https://qjoovhagucdcaebgdmbx.supabase.co/storage/v1/object/public/mold-photos/navodky/978_00978_Gleitschuh.pdf"", ""title"": ""Návodka""}]"
982,47E č.,Witte,null,Dichtung,null,false,null,"[{""url"": ""https://qjoovhagucdcaebgdmbx.supabase.co/storage/v1/object/public/mold-photos/navodky/982_00982_Dichtung.pdf"", ""title"": ""Návodka""}]"
984,43E h.,Witte,null,Abdeckkappe,null,false,null,"[{""url"": ""https://qjoovhagucdcaebgdmbx.supabase.co/storage/v1/object/public/mold-photos/navodky/984_00984_Abdeckkappe.pdf"", ""title"": ""Návodka""}]"
985,43E h.,Witte,null,Schluesselgehaeuse GOB (Superbundle),null,false,null,"[{""url"": ""https://qjoovhagucdcaebgdmbx.supabase.co/storage/v1/object/public/mold-photos/navodky/985_00985_Schluesselgehaeuse_GOB_Superbundle_.pdf"", ""title"": ""Návodka""}]"
986,36B b.,Witte,null,Fanghaken GOB (Macan),null,false,null,"[{""url"": ""https://qjoovhagucdcaebgdmbx.supabase.co/storage/v1/object/public/mold-photos/navodky/986_00986_Zachytny_hak_GOB.pdf"", ""title"": ""Návodka""}]"
987,36A c.,Witte,null,Anschlag,null,false,null,"[{""url"": ""https://qjoovhagucdcaebgdmbx.supabase.co/storage/v1/object/public/mold-photos/navodky/987_00987_Anschlag.pdf"", ""title"": ""Návodka""}]"
988,47E č.,Witte,null,Liner,null,false,null,"[{""url"": ""https://qjoovhagucdcaebgdmbx.supabase.co/storage/v1/object/public/mold-photos/navodky/988_00988_Liner.pdf"", ""title"": ""Návodka""}]"
989,36B b.,Witte,null,Montagehilfe rechts,null,false,null,"[{""url"": ""https://qjoovhagucdcaebgdmbx.supabase.co/storage/v1/object/public/mold-photos/navodky/989_00989_Montagehilfe.pdf"", ""title"": ""Návodka""}]"
990,47E č.,Witte,null,Umlenkhebel,null,false,null,"[{""url"": ""https://qjoovhagucdcaebgdmbx.supabase.co/storage/v1/object/public/mold-photos/navodky/990_00990_Umlenkhebel_L_R.pdf"", ""title"": ""Návodka""}]"
991,36A c.,Witte,null,Aussengriff,null,false,null,"[{""url"": ""https://qjoovhagucdcaebgdmbx.supabase.co/storage/v1/object/public/mold-photos/navodky/991_00991_Aussengriff.pdf"", ""title"": ""Návodka""}]"
993,36A m.,Witte,null,Pop-up lever,null,false,null,"[{""url"": ""https://qjoovhagucdcaebgdmbx.supabase.co/storage/v1/object/public/mold-photos/navodky/993_00993_Pop_Up_Lever_GOB.pdf"", ""title"": ""Návodka""}]"
994,36B m.,Witte,null,Button KD,null,false,null,"[{""url"": ""https://qjoovhagucdcaebgdmbx.supabase.co/storage/v1/object/public/mold-photos/navodky/994_00994_Button_KD.pdf"", ""title"": ""Návodka""}]"
995,36B m.,Witte,null,Gehause Li,null,false,null,"[{""url"": ""https://qjoovhagucdcaebgdmbx.supabase.co/storage/v1/object/public/mold-photos/navodky/995_00995_Gehause_L_R.pdf"", ""title"": ""Návodka""}]"
996,36A č.,Witte,null,Plug,null,false,null,"[{""url"": ""https://qjoovhagucdcaebgdmbx.supabase.co/storage/v1/object/public/mold-photos/navodky/996_00996_Plug.pdf"", ""title"": ""Návodka""}]"
997,36B c.,Witte,null,Washer Front L+R,null,false,null,"[{""url"": ""https://qjoovhagucdcaebgdmbx.supabase.co/storage/v1/object/public/mold-photos/navodky/997_00997_Washer_Front_L_R.pdf"", ""title"": ""Návodka""}]"
998,36B c.,Witte,null,Washer Rear L+R,null,false,null,"[{""url"": ""https://qjoovhagucdcaebgdmbx.supabase.co/storage/v1/object/public/mold-photos/navodky/998_00998_Washer_Rear_L_R.pdf"", ""title"": ""Návodka""}]"
999,36C č.,Witte,null,Washer Rear L+R,null,false,null,"[{""url"": ""https://qjoovhagucdcaebgdmbx.supabase.co/storage/v1/object/public/mold-photos/navodky/999_00999_Washer_Rear_L_R.pdf"", ""title"": ""Návodka""}]"